InventoryAdjustment#,Date,Reference#,Status,InventoryAdjustment ID,Adjustment Type,Reason,Description,Item Name,Item ID,SKU,Location ID,Location Name,Account,Inventory Account,Item Desc,Quantity Adjusted,Cost Price,Value Adjusted,Usage unit
4,2024-10-31,,Adjusted,4602503000003534005,quantity,Inventory Revaluation,,RAIL SPLICER,4602503000000203138,KS-CR1-SP,4602503000009244225,Head Office,Cost of Goods Sold,Inventory Asset,,238.00,1.000000,,Each
4,2024-10-31,,Adjusted,4602503000003534005,quantity,Inventory Revaluation,,Inter clamp kit 35mm,4602503000000383322,KS-IC2-F35,4602503000009244225,Head Office,Cost of Goods Sold,Inventory Asset,PV,1044.00,0.000000,,Each
4,2024-10-31,,Adjusted,4602503000003534005,quantity,Inventory Revaluation,,END CLAMP ASSEMBLY 480 PCS,4602503000000451805,KS-IC2-F30,4602503000009244225,Head Office,Cost of Goods Sold,Inventory Asset,,864.00,0.000000,,Each
4,2024-10-31,,Adjusted,4602503000003534005,quantity,Inventory Revaluation,,End clamp kit 35mm,4602503000000383410,KS-EC2-F35,4602503000009244225,Head Office,Cost of Goods Sold,Inventory Asset,PV,2065.00,1.000000,,Each
4,2024-10-31,,Adjusted,4602503000003534005,quantity,Inventory Revaluation,,END CLAMP KIT 30MM,4602503000000203160,KS-EC2-F30,4602503000009244225,Head Office,Cost of Goods Sold,Inventory Asset,,771.00,0.000000,,Each
4,2024-10-31,,Adjusted,4602503000003534005,quantity,Inventory Revaluation,,Grounding Lug,4602503000000383399,KS-BR-GL,4602503000009244225,Head Office,Cost of Goods Sold,Inventory Asset,PV,1350.00,0.000000,,Each
4,2024-10-31,,Adjusted,4602503000003534005,quantity,Inventory Revaluation,,TILE ROOF HOOK KIT,4602503000000203182,KS-HK-R01,4602503000009244225,Head Office,Cost of Goods Sold,Inventory Asset,,1562.00,1.000000,,Each
4,2024-10-31,,Adjusted,4602503000003534005,quantity,Inventory Revaluation,,2# Stainless Steel Roman Tile Roof Hook Kits,4602503000000383355,KS-HK-R02,4602503000009244225,Head Office,Cost of Goods Sold,Inventory Asset,PV,360.00,0.000000,,Each
4,2024-10-31,,Adjusted,4602503000003534005,quantity,Inventory Revaluation,,S08 Standing Seam Roof Hook (U type),4602503000000383421,KS-HK-S08,4602503000009244225,Head Office,Cost of Goods Sold,Inventory Asset,PV,3200.00,0.000000,,Each
4,2024-10-31,,Adjusted,4602503000003534005,quantity,Inventory Revaluation,,KLIP-LOK 700 Roof Hook,4602503000000383366,KS-HK-S09-02,4602503000009244225,Head Office,Cost of Goods Sold,Inventory Asset,PV,380.00,0.000000,,Each
4,2024-10-31,,Adjusted,4602503000003534005,quantity,Inventory Revaluation,,KLIP-LOK 406 Roof Hook,4602503000000383344,KS-HK-S08-02,4602503000009244225,Head Office,Cost of Goods Sold,Inventory Asset,PV,280.00,0.000000,,Each
4,2024-10-31,,Adjusted,4602503000003534005,quantity,Inventory Revaluation,,M8*25MM Bolt & Nut,4602503000000383377,KS-FA-MS825,4602503000009244225,Head Office,Cost of Goods Sold,Inventory Asset,PV,195.00,0.000000,,Each
4,2024-10-31,,Adjusted,4602503000003534005,quantity,Inventory Revaluation,,L Feet 21# with Hanger Bolt M10*300,4602503000002116983,KS-HK-L21-WSD-M10300,4602503000009244225,Head Office,Cost of Goods Sold,Inventory Asset,,450.00,0.000000,,Each
4,2024-10-31,,Adjusted,4602503000003534005,quantity,Inventory Revaluation,,"L feet (8.5 hole) with bolt, nuts & washers",4602503000000383333,KS-HK-L21-02,4602503000009244225,Head Office,Cost of Goods Sold,Inventory Asset,PV,768.00,0.000000,,Each
4,2024-10-31,,Adjusted,4602503000003534005,quantity,Inventory Revaluation,,7# trapezoidal metal roof hook,4602503000000383432,KS-HK-T07N-01,4602503000009244225,Head Office,Cost of Goods Sold,Inventory Asset,PV,1200.00,0.000000,,Each
4,2024-10-31,,Adjusted,4602503000003534005,quantity,Inventory Revaluation,,Rail Clamp Kits with C Nut,4602503000000383443,KS-CRC-2AN,4602503000009244225,Head Office,Cost of Goods Sold,Inventory Asset,PV,1440.00,0.000000,,Each
4,2024-10-31,,Adjusted,4602503000003534005,quantity,Inventory Revaluation,,CR RAIL CLAMP KIT 480 PCS,4602503000000451838,KS-CRC-01,4602503000009244225,Head Office,Cost of Goods Sold,Inventory Asset,,959.00,1.000000,,Each
4,2024-10-31,,Adjusted,4602503000003534005,quantity,Inventory Revaluation,,DC SPD 2P 800VDC 20~40KA,4602503000000383179,FSP-D40,4602503000009244225,Head Office,Cost of Goods Sold,Inventory Asset,PV,-18.00,0.000000,,Each
4,2024-10-31,,Adjusted,4602503000003534005,quantity,Inventory Revaluation,,DC SPD 3P 1000VDC 20~40KA,4602503000000549906,FSP-D40-3P,4602503000009244225,Head Office,Cost of Goods Sold,Inventory Asset,,424.00,0.000000,,Each
4,2024-10-31,,Adjusted,4602503000003534005,quantity,Inventory Revaluation,,DC FUSE 1P 1000VDC 20A FUSE LINK + HOLDER,4602503000000383190,FDS-32B,4602503000009244225,Head Office,Cost of Goods Sold,Inventory Asset,PV,290.00,1.000000,,Each
4,2024-10-31,,Adjusted,4602503000003534005,quantity,Inventory Revaluation,,DC FUSE 1P 1000VDC 20A FUSE,4602503000000549873,FDS-32,4602503000009244225,Head Office,Cost of Goods Sold,Inventory Asset,,380.00,0.000000,,Each
4,2024-10-31,,Adjusted,4602503000003534005,quantity,Inventory Revaluation,,AC MCB 4P 400VAC 63A,4602503000000383201,FE7-63,4602503000009244225,Head Office,Cost of Goods Sold,Inventory Asset,,150.00,0.000000,,Each
4,2024-10-31,,Adjusted,4602503000003534005,quantity,Inventory Revaluation,,AC SPD 4P 420VAC 20~40KA,4602503000000383212,FSP-A40,4602503000009244225,Head Office,Cost of Goods Sold,Inventory Asset,PV,218.00,1.000000,,Each
4,2024-10-31,,Adjusted,4602503000003534005,quantity,Inventory Revaluation,,Combiner box 2 row 30 ways,4602503000000383245,DB-2R-30WAYS,4602503000009244225,Head Office,Cost of Goods Sold,Inventory Asset,PV,-59.00,0.000000,,Each
4,2024-10-31,,Adjusted,4602503000003534005,quantity,Inventory Revaluation,,Combiner box 2 row 30 ways (METAL),4602503000000451541,DB-2R-30WAYS-M,4602503000009244225,Head Office,Cost of Goods Sold,Inventory Asset,,1.00,0.000000,,Each
4,2024-10-31,,Adjusted,4602503000003534005,quantity,Inventory Revaluation,,"2"" X 2"" X L8â€™ HDG TRUNKING",4602503000002116893,CO-SD-53,4602503000009244225,Head Office,Cost of Goods Sold,Inventory Asset,,198.00,0.000000,,Each
4,2024-10-31,,Adjusted,4602503000003534005,quantity,Inventory Revaluation,,1'' PVC Coated Flex Conduit - 100ft,4602503000002116875,FL-1-PVC-GI,4602503000009244225,Head Office,Cost of Goods Sold,Inventory Asset,,31.00,0.000000,,Each
4,2024-10-31,,Adjusted,4602503000003534005,quantity,Inventory Revaluation,,"FLEXIBLE CONDUIT PVC COATED 1"" X 15M",4602503000000451607,"FLX-PVC-1""",4602503000009244225,Head Office,Cost of Goods Sold,Inventory Asset,,15.00,1.000000,,Each
4,2024-10-31,,Adjusted,4602503000003534005,quantity,Inventory Revaluation,,CABLE MARKER 0,4602503000000549719,"OK-EC1,0",4602503000009244225,Head Office,Cost of Goods Sold,Inventory Asset,,4.00,0.000000,,Each
4,2024-10-31,,Adjusted,4602503000003534005,quantity,Inventory Revaluation,,CABLE MARKER 1,4602503000000549730,"OK-EC1,1",4602503000009244225,Head Office,Cost of Goods Sold,Inventory Asset,,2.00,0.000000,,Each
4,2024-10-31,,Adjusted,4602503000003534005,quantity,Inventory Revaluation,,CABLE MARKER 2,4602503000000549741,"OK-EC1,2",4602503000009244225,Head Office,Cost of Goods Sold,Inventory Asset,,2.00,0.000000,,Each
4,2024-10-31,,Adjusted,4602503000003534005,quantity,Inventory Revaluation,,CABLE MARKER 3,4602503000000549752,"OK-EC1,3",4602503000009244225,Head Office,Cost of Goods Sold,Inventory Asset,,2.00,0.000000,,Each
4,2024-10-31,,Adjusted,4602503000003534005,quantity,Inventory Revaluation,,CABLE MARKER 4,4602503000000549763,"OK-EC1,4",4602503000009244225,Head Office,Cost of Goods Sold,Inventory Asset,,3.00,0.000000,,Each
4,2024-10-31,,Adjusted,4602503000003534005,quantity,Inventory Revaluation,,CABLE MARKER 6,4602503000000549785,"OK-EC1,6",4602503000009244225,Head Office,Cost of Goods Sold,Inventory Asset,,1.00,0.000000,,Each
4,2024-10-31,,Adjusted,4602503000003534005,quantity,Inventory Revaluation,,CABLE MARKER 7,4602503000000549796,"OK-EC1,7",4602503000009244225,Head Office,Cost of Goods Sold,Inventory Asset,,1.00,0.000000,,Each
4,2024-10-31,,Adjusted,4602503000003534005,quantity,Inventory Revaluation,,CABLE MARKER 9,4602503000000549818,"OK-EC1,9",4602503000009244225,Head Office,Cost of Goods Sold,Inventory Asset,,1.00,0.000000,,Each
4,2024-10-31,,Adjusted,4602503000003534005,quantity,Inventory Revaluation,,EC1 CABLE MARKER P,4602503000002116929,"OK-EC1,P",4602503000009244225,Head Office,Cost of Goods Sold,Inventory Asset,,1.00,0.000000,,Each
4,2024-10-31,,Adjusted,4602503000003534005,quantity,Inventory Revaluation,,EC1 CABLE MARKER N,4602503000002116920,"OK-EC1,N",4602503000009244225,Head Office,Cost of Goods Sold,Inventory Asset,,2.00,0.000000,,Each
4,2024-10-31,,Adjusted,4602503000003534005,quantity,Inventory Revaluation,,DC CABLE - Fireproof 1C x 4mm^2 (1000 meters / Drum) Black,4602503000002163703,T-453,4602503000009244225,Head Office,Cost of Goods Sold,Inventory Asset,,5.00,0.000000,,Each
4,2024-10-31,,Adjusted,4602503000003534005,quantity,Inventory Revaluation,,DIGITAL ENERGY METER - 3 PHASE 4P 3X220/380V,4602503000000383223,DTM024,4602503000009244225,Head Office,Cost of Goods Sold,Inventory Asset,PV,78.00,1.000000,,Each
4,2024-10-31,,Adjusted,4602503000003534005,quantity,Inventory Revaluation,,DIGITAL ENERGY METER - 1 PHASE 2P 2X220V,4602503000000383234,DDM15SD,4602503000009244225,Head Office,Cost of Goods Sold,Inventory Asset,PV,56.00,0.000000,,Each
20,2024-12-06,,Adjusted,4602503000005371630,quantity,Inventory Revaluation,,"SUMMER SOLAR WATER HEATER TANK, 300L, GVAL",4602503000004837171,COMP-005659,4602503000009244225,Head Office,Cost of Goods Sold,Inventory Asset,"GVAL, SS304",35.00,0.000000,,Each
55,2025-01-10,,Adjusted,4602503000007232081,quantity,Stocktaking results,,DC MCB 2P 550VDC 63A,4602503000000383157,FPV-63,4602503000009244225,Head Office,Cost of Goods Sold,Inventory Asset,PV,478.00,0.000000,,Each
76,2025-01-14,,Adjusted,4602503000007664268,quantity,Stocktaking results,,DC Wire 4mmx100m,4602503000000549862,DC-WIRE-04,4602503000009244225,Head Office,Cost of Goods Sold,Inventory Asset,,10.00,0.000000,,Each
77,2025-01-14,,Adjusted,4602503000007664288,quantity,Stocktaking results,,EC1 CABLE MARKER P,4602503000002116929,"OK-EC1,P",4602503000009244225,Head Office,Cost of Goods Sold,Inventory Asset,,700.00,0.000000,,Each
78,2025-01-14,,Adjusted,4602503000007664502,quantity,Stocktaking results,,"GROUNDING LUG, HIGH BALLAST",4602503000003020068,EK-D,4602503000009244225,Head Office,Cost of Goods Sold,Inventory Asset,LOW BALLAST,741.00,0.000000,,pcs
80,2025-01-14,,Adjusted,4602503000007664899,quantity,Stocktaking results,,CABLE MARKER 0,4602503000000549719,"OK-EC1,0",4602503000009244225,Head Office,Cost of Goods Sold,Inventory Asset,,3496.00,0.000000,,Each
81,2025-01-14,,Adjusted,4602503000007664919,quantity,Stocktaking results,,CABLE MARKER 1,4602503000000549730,"OK-EC1,1",4602503000009244225,Head Office,Cost of Goods Sold,Inventory Asset,,798.00,0.000000,,Each
82,2025-01-14,,Adjusted,4602503000007664939,quantity,Stocktaking results,,CABLE MARKER 2,4602503000000549741,"OK-EC1,2",4602503000009244225,Head Office,Cost of Goods Sold,Inventory Asset,,1700.00,0.000000,,Each
83,2025-01-14,,Adjusted,4602503000007664959,quantity,Stocktaking results,,CABLE MARKER 3,4602503000000549752,"OK-EC1,3",4602503000009244225,Head Office,Cost of Goods Sold,Inventory Asset,,2500.00,0.000000,,Each
90,2025-01-16,,Adjusted,4602503000007726121,quantity,Stocktaking results,,TRIPOD ANGLE BAR 45X45X1400MM,4602503000005352131,SLR-JG-GMTYN-12,4602503000009244225,Head Office,Cost of Goods Sold,Inventory Asset,LOW BALLAST,8.00,40.100000,,pcs
91,2025-01-16,,Adjusted,4602503000007726141,quantity,Stocktaking results,,TRIPOD ANGLE BAR 45X45X150MM,4602503000005352122,SLR-JG-GMTYN-12-150,4602503000009244225,Head Office,Cost of Goods Sold,Inventory Asset,LOW BALLAST,8.00,4.300000,,pcs
92,2025-01-16,,Adjusted,4602503000007726161,quantity,Stocktaking results,,BALLAST SUPPORT BLOCK,4602503000005352113,SLR-JG-GMTYN-20,4602503000009244225,Head Office,Cost of Goods Sold,Inventory Asset,LOW BALLAST,8.00,0.400000,,pcs
93,2025-01-16,,Adjusted,4602503000007726181,quantity,Stocktaking results,,CAP SCREW SET,4602503000005352104,SLR-M8X25-04,4602503000009244225,Head Office,Cost of Goods Sold,Inventory Asset,CAP SCREW SET & HEX NUT C/W SPRING WASHER & FLAT WASHER,8.00,0.700000,,pcs
95,2025-01-16,,Adjusted,4602503000007726219,quantity,Stocktaking results,,RAIL CLAMP 02,4602503000005352095,SLR-BR-02-D,4602503000009244225,Head Office,Cost of Goods Sold,Inventory Asset,,8.00,1.700000,,pcs
100,2025-01-16,,Adjusted,4602503000007726319,quantity,Stocktaking results,,SELF TAPPING SCREW 5.5X19MM,4602503000005352068,ST5.5X19-01,4602503000009244225,Head Office,Cost of Goods Sold,Inventory Asset,LOW BALLAST,8.00,30.000000,,pcs
121,2025-01-23,,Adjusted,4602503000008142527,quantity,Stocktaking results,,"SUMMER SOLAR WATER HEATER TANK, DIRECT 180L, GVAL",4602503000004549120,COMP-005645,4602503000009244225,Head Office,Cost of Goods Sold,Inventory Asset,"GVAL, SS304",15.00,0.000000,,Unit
128,2025-02-04,,Adjusted,4602503000008729376,quantity,Stocktaking results,,DC Wire 4mmx100m,4602503000000549862,DC-WIRE-04,4602503000009244225,Head Office,Cost of Goods Sold,Inventory Asset,,3.00,0.000000,,Each
129,2025-02-04,,Adjusted,4602503000008729396,quantity,Stocktaking results,,"1"" PVC Flex Conduit Black- 20meter",4602503000000451607,"FLX-PVC-1""",4602503000009244225,Head Office,Cost of Goods Sold,Inventory Asset,,29.00,1.000000,,rolls
166,2025-02-12,,Adjusted,4602503000009417013,quantity,Inventory Revaluation,,"SUMMER SOLAR COLLECTOR, BLACK, ZNAL, FULL THREAD",4602503000009249674,SC-FHS01,4602503000009244225,Head Office,Cost of Goods Sold,Finished Goods,,394.00,0.000000,,pcs
188,2025-02-24,,Adjusted,4602503000009906366,quantity,Inventory Revaluation,,SOLIS 5KW SINGLE-PHASE DUAL MPPT STRING INVERTER,4602503000000203039,S6-GR1P5K,4602503000009244225,Head Office,Cost of Goods Sold,Inventory Asset,10 years product warranty,-2.00,0.000000,,Each
188,2025-02-24,,Adjusted,4602503000009906366,quantity,Inventory Revaluation,,SOLIS 6KW 3-PHASE DUAL MPPT STRING INVERTER,4602503000000203061,S5-GR3P6K,4602503000009244225,Head Office,Cost of Goods Sold,Inventory Asset,10 years product warranty,-2.00,0.000000,,Each
188,2025-02-24,,Adjusted,4602503000009906366,quantity,Inventory Revaluation,,SOLIS 12KW 3-PHASE DUAL MPPT STRING INVERTER,4602503000000203083,S5-GR3P12K,4602503000009244225,Head Office,Cost of Goods Sold,Inventory Asset,10 years product warranty,-4.00,0.000000,,Each
188,2025-02-24,,Adjusted,4602503000009906366,quantity,Inventory Revaluation,,"AP system Bus Cable 3phase 5c (4mm2, H07,2.4m)",4602503000003410047,SKU-APCUT-02,4602503000009244225,Head Office,Cost of Goods Sold,Finished Goods,,-48.00,0.000000,,pcs
188,2025-02-24,,Adjusted,4602503000009906366,quantity,Inventory Revaluation,,AP SYSTEM BUS CABLE 5C END CAP (TWO SEALS),4602503000003410060,SKU-APBC-03,4602503000009244225,Head Office,Cost of Goods Sold,Finished Goods,,-32.00,0.000000,,pcs
188,2025-02-24,,Adjusted,4602503000009906366,quantity,Inventory Revaluation,,"APsystems AC Connector (5C,40A,male)",4602503000003410106,SKU-APAC-01,4602503000009244225,Head Office,Cost of Goods Sold,Finished Goods,,-59.00,0.000000,,pcs
188,2025-02-24,,Adjusted,4602503000009906366,quantity,Inventory Revaluation,,"APsystems AC Connector (5C 40A, female)",4602503000006823089,AP-AC-5C40AF,4602503000009244225,Head Office,Cost of Goods Sold,Finished Goods,,6.00,0.000000,,pcs
188,2025-02-24,,Adjusted,4602503000009906366,quantity,Inventory Revaluation,,"AC Connector (3 core, two seals, female)",4602503000003673056,SKU-APAC-03,4602503000009244225,Head Office,Cost of Goods Sold,Inventory Asset,,-90.00,0.000000,,pcs
188,2025-02-24,,Adjusted,4602503000009906366,quantity,Inventory Revaluation,,"AC Connector (3 core , two seals, male)",4602503000003673047,SKU-APAC-02,4602503000009244225,Head Office,Cost of Goods Sold,Inventory Asset,,-10.00,0.000000,,pcs
188,2025-02-24,,Adjusted,4602503000009906366,quantity,Inventory Revaluation,,"AP Systems Single Phase Bus Cable (4mm2, H07,2.4m)",4602503000003673021,SKU-APSP-01,4602503000009244225,Head Office,Cost of Goods Sold,Inventory Asset,,-30.00,0.000000,,pcs
188,2025-02-24,,Adjusted,4602503000009906366,quantity,Inventory Revaluation,,AP SYSTEM BUS CABLE 5 WIRE T-CONN CAP,4602503000003410069,SKU-APBTC-01,4602503000009244225,Head Office,Cost of Goods Sold,Finished Goods,,9.00,13.490000,,pcs
188,2025-02-24,,Adjusted,4602503000009906366,quantity,Inventory Revaluation,,APsystems Y Bus Cable Unlock Tool,4602503000002944098,APCUT-01,4602503000009244225,Head Office,Cost of Goods Sold,Inventory Asset,,-6.00,0.000000,,Each
188,2025-02-24,,Adjusted,4602503000009906366,quantity,Inventory Revaluation,,APsystems Energy Communication Unit R,4602503000002944107,ECU-R,4602503000009244225,Head Office,Cost of Goods Sold,Inventory Asset,,-25.00,0.000000,,Each
188,2025-02-24,,Adjusted,4602503000009906366,quantity,Inventory Revaluation,,DIGITAL ENERGY METER - 1 PHASE 2P 2X220V,4602503000000383234,DDM15SD,4602503000009244225,Head Office,Cost of Goods Sold,Inventory Asset,PV,17.00,0.000000,,Each
188,2025-02-24,,Adjusted,4602503000009906366,quantity,Inventory Revaluation,,DIGITAL ENERGY METER - 3 PHASE 4P 3X220/380V,4602503000000383223,DTM024,4602503000009244225,Head Office,Cost of Goods Sold,Inventory Asset,PV,20.00,1.000000,,Each
188,2025-02-24,,Adjusted,4602503000009906366,quantity,Inventory Revaluation,,DC FUSE 1P 1000VDC 20A FUSE LINK + HOLDER,4602503000000383190,FDS-32B,4602503000009244225,Head Office,Cost of Goods Sold,Inventory Asset,PV,722.00,1.000000,,Each
188,2025-02-24,,Adjusted,4602503000009906366,quantity,Inventory Revaluation,,DC FUSE 1P 1000VDC 20A FUSE,4602503000000549873,FDS-32,4602503000009244225,Head Office,Cost of Goods Sold,Inventory Asset,,419.00,0.000000,,Each
188,2025-02-24,,Adjusted,4602503000009906366,quantity,Inventory Revaluation,,DC MCB 2P 550VDC 63A,4602503000000383157,FPV-63,4602503000009244225,Head Office,Cost of Goods Sold,Inventory Asset,PV,-24.00,0.000000,,Each
188,2025-02-24,,Adjusted,4602503000009906366,quantity,Inventory Revaluation,,DC MCB 2P 800VDC 63A,4602503000006548054,FPV-63-800,4602503000009244225,Head Office,Cost of Goods Sold,Inventory Asset,PV,330.00,1.000000,,Each
188,2025-02-24,,Adjusted,4602503000009906366,quantity,Inventory Revaluation,,DC SPD 2P 600VDC 20~40KA,4602503000006548021,FSP-D40-600,4602503000009244225,Head Office,Cost of Goods Sold,Inventory Asset,PV,452.00,1.000000,,Each
188,2025-02-24,,Adjusted,4602503000009906366,quantity,Inventory Revaluation,,DC SPD 2P 800VDC 20~40KA,4602503000000383179,FSP-D40,4602503000009244225,Head Office,Cost of Goods Sold,Inventory Asset,PV,234.00,1.000000,,Each
188,2025-02-24,,Adjusted,4602503000009906366,quantity,Inventory Revaluation,,AC MCB 2P 400VAC 63A,4602503000000549884,FE7-63-2P,4602503000009244225,Head Office,Cost of Goods Sold,Inventory Asset,,377.00,0.000000,,Each
188,2025-02-24,,Adjusted,4602503000009906366,quantity,Inventory Revaluation,,AC MCB 4P 400VAC 63A,4602503000000383201,FE7-63,4602503000009244225,Head Office,Cost of Goods Sold,Inventory Asset,,460.00,0.000000,,Each
188,2025-02-24,,Adjusted,4602503000009906366,quantity,Inventory Revaluation,,DC SPD 3P 1000VDC 20~40KA,4602503000000549906,FSP-D40-3P,4602503000009244225,Head Office,Cost of Goods Sold,Inventory Asset,,-232.00,0.000000,,Each
188,2025-02-24,,Adjusted,4602503000009906366,quantity,Inventory Revaluation,,AC SPD 4P 275VAC 20~40KA,4602503000006548087,FSP-A40-275,4602503000009244225,Head Office,Cost of Goods Sold,Inventory Asset,PV,242.00,1.000000,,Each
188,2025-02-24,,Adjusted,4602503000009906366,quantity,Inventory Revaluation,,AC SPD 4P 420VAC 20~40KA,4602503000000383212,FSP-A40,4602503000009244225,Head Office,Cost of Goods Sold,Inventory Asset,PV,339.00,1.000000,,Each
188,2025-02-24,,Adjusted,4602503000009906366,quantity,Inventory Revaluation,,Rail Splice,4602503000004890174,SLR-RS-01-L-D,4602503000009244225,Head Office,Cost of Goods Sold,Inventory Asset,,483.00,2.900000,,Each
188,2025-02-24,,Adjusted,4602503000009906366,quantity,Inventory Revaluation,,GROUNDING CLIP,4602503000000203171,KS-BR1-GC,4602503000009244225,Head Office,Cost of Goods Sold,Inventory Asset,,2013.00,1.000000,,Each
188,2025-02-24,,Adjusted,4602503000009906366,quantity,Inventory Revaluation,,GROUNDING LUG 40MM,4602503000004890261,SLR-EK-D,4602503000009244225,Head Office,Cost of Goods Sold,Inventory Asset,,53.00,1.000000,,Each
188,2025-02-24,,Adjusted,4602503000009906366,quantity,Inventory Revaluation,,TILE HOOK #03,4602503000004890373,SLR-CTH-03,4602503000009244225,Head Office,Cost of Goods Sold,Inventory Asset,,712.00,1.000000,,Each
188,2025-02-24,,Adjusted,4602503000009906366,quantity,Inventory Revaluation,,"HDG TRUNKING 2"" X 2"" X L8",4602503000002116893,CO-SD-53,4602503000009244225,Head Office,Cost of Goods Sold,Inventory Asset,,19.00,41.000000,,Each
188,2025-02-24,,Adjusted,4602503000009906366,quantity,Inventory Revaluation,,S/S A2 Flat Washer M8(8.5 x 22OD x 1.5mm),4602503000005320104,SKU-M8-01,4602503000009244225,Head Office,Cost of Goods Sold,Inventory Asset,,923.00,0.000000,,pcs
188,2025-02-24,,Adjusted,4602503000009906366,quantity,Inventory Revaluation,,"NUT SS304, M8",4602503000000620700,PART-000043,4602503000009244225,Head Office,Cost of Goods Sold,Inventory Asset,,1050.00,0.000000,,pcs
188,2025-02-24,,Adjusted,4602503000009906366,quantity,Inventory Revaluation,,Combiner box 2 row 28 ways,4602503000000451530,DB-2R-28WAYS,4602503000009244225,Head Office,Cost of Goods Sold,Inventory Asset,,5.00,29.000000,,Each
188,2025-02-24,,Adjusted,4602503000009906366,quantity,Inventory Revaluation,,"SOCKET PVC 1""",4602503000000615837,T-0028,4602503000009244225,Head Office,Cost of Goods Sold,Inventory Asset,,-440.00,0.000000,,pcs
188,2025-02-24,,Adjusted,4602503000009906366,quantity,Inventory Revaluation,,CABLE MARKER 0,4602503000000549719,"OK-EC1,0",4602503000009244225,Head Office,Cost of Goods Sold,Inventory Asset,,-2280.00,0.000000,,Each
188,2025-02-24,,Adjusted,4602503000009906366,quantity,Inventory Revaluation,,CABLE MARKER 1,4602503000000549730,"OK-EC1,1",4602503000009244225,Head Office,Cost of Goods Sold,Inventory Asset,,420.00,0.000000,,Each
188,2025-02-24,,Adjusted,4602503000009906366,quantity,Inventory Revaluation,,CABLE MARKER 2,4602503000000549741,"OK-EC1,2",4602503000009244225,Head Office,Cost of Goods Sold,Inventory Asset,,-482.00,0.000000,,Each
188,2025-02-24,,Adjusted,4602503000009906366,quantity,Inventory Revaluation,,CABLE MARKER 3,4602503000000549752,"OK-EC1,3",4602503000009244225,Head Office,Cost of Goods Sold,Inventory Asset,,-1282.00,0.000000,,Each
188,2025-02-24,,Adjusted,4602503000009906366,quantity,Inventory Revaluation,,CABLE MARKER 4,4602503000000549763,"OK-EC1,4",4602503000009244225,Head Office,Cost of Goods Sold,Inventory Asset,,-1783.00,0.000000,,Each
188,2025-02-24,,Adjusted,4602503000009906366,quantity,Inventory Revaluation,,CABLE MARKER 5,4602503000000549774,"OK-EC1,5",4602503000009244225,Head Office,Cost of Goods Sold,Inventory Asset,,1000.00,0.006000,,Each
188,2025-02-24,,Adjusted,4602503000009906366,quantity,Inventory Revaluation,,CABLE MARKER 6,4602503000000549785,"OK-EC1,6",4602503000009244225,Head Office,Cost of Goods Sold,Inventory Asset,,999.00,0.000000,,Each
188,2025-02-24,,Adjusted,4602503000009906366,quantity,Inventory Revaluation,,CABLE MARKER 7,4602503000000549796,"OK-EC1,7",4602503000009244225,Head Office,Cost of Goods Sold,Inventory Asset,,999.00,0.000000,,Each
188,2025-02-24,,Adjusted,4602503000009906366,quantity,Inventory Revaluation,,CABLE MARKER 8,4602503000000549807,"OK-EC1,8",4602503000009244225,Head Office,Cost of Goods Sold,Inventory Asset,,1000.00,0.006000,,Each
188,2025-02-24,,Adjusted,4602503000009906366,quantity,Inventory Revaluation,,CABLE MARKER 9,4602503000000549818,"OK-EC1,9",4602503000009244225,Head Office,Cost of Goods Sold,Inventory Asset,,999.00,0.000000,,Each
188,2025-02-24,,Adjusted,4602503000009906366,quantity,Inventory Revaluation,,EC1 CABLE MARKER P,4602503000002116929,"OK-EC1,P",4602503000009244225,Head Office,Cost of Goods Sold,Inventory Asset,,529.00,0.000000,,Each
188,2025-02-24,,Adjusted,4602503000009906366,quantity,Inventory Revaluation,,EC1 CABLE MARKER N,4602503000002116920,"OK-EC1,N",4602503000009244225,Head Office,Cost of Goods Sold,Inventory Asset,,518.00,0.000000,,Each
188,2025-02-24,,Adjusted,4602503000009906366,quantity,Inventory Revaluation,,Solar connector 1000V 6mm^2,4602503000002116884,FMC4,4602503000009244225,Head Office,Cost of Goods Sold,Inventory Asset,,5021.00,0.000000,,Each
188,2025-02-24,,Adjusted,4602503000009906366,quantity,Inventory Revaluation,,"SILICON SEALANT - NEUTRAL CURE, BLACK",4602503000000616503,T-0255,4602503000009244225,Head Office,Cost of Goods Sold,Inventory Asset,,68.00,0.000000,,Each
188,2025-02-24,,Adjusted,4602503000009906366,quantity,Inventory Revaluation,,SILICONE SEALANT,4602503000000623441,T-405,4602503000009244225,Head Office,Cost of Goods Sold,Inventory Asset,,72.00,0.000000,,Each
188,2025-02-24,,Adjusted,4602503000009906366,quantity,Inventory Revaluation,,Sleeve Anchor '1/4 inches (8mm),4602503000002163783,T-461,4602503000009244225,Head Office,Cost of Goods Sold,Inventory Asset,,300.00,0.000000,,Each
188,2025-02-24,,Adjusted,4602503000009906366,quantity,Inventory Revaluation,,Wire Tape 5 Mil x 18mm x 5M (Black),4602503000002163832,T-466,4602503000009244225,Head Office,Cost of Goods Sold,Inventory Asset,,-150.00,0.000000,,Each
188,2025-02-24,,Adjusted,4602503000009906366,quantity,Inventory Revaluation,,Wire Tape 5 Mil x 18mm x 5M (Blue),4602503000002163841,T-467,4602503000009244225,Head Office,Cost of Goods Sold,Inventory Asset,,165.00,0.420000,,Each
188,2025-02-24,,Adjusted,4602503000009906366,quantity,Inventory Revaluation,,Wire Tape 5 Mil x 18mm x 5M (Red),4602503000002163850,T-468,4602503000009244225,Head Office,Cost of Goods Sold,Inventory Asset,,135.00,0.420000,,Each
188,2025-02-24,,Adjusted,4602503000009906366,quantity,Inventory Revaluation,,Wire Tape 5 Mil x 18mm x 5M (Yellow),4602503000002163859,T-469,4602503000009244225,Head Office,Cost of Goods Sold,Inventory Asset,,100.00,0.420000,,Each
188,2025-02-24,,Adjusted,4602503000009906366,quantity,Inventory Revaluation,,Combiner box 2 row 28 ways,4602503000000451530,DB-2R-28WAYS,4602503000009244225,Head Office,Cost of Goods Sold,Inventory Asset,,-5.00,0.000000,,Each
188,2025-02-24,,Adjusted,4602503000009906366,quantity,Inventory Revaluation,,Combiner box 1 row 8.5 ways,4602503000006710210,DB-1R-8.5WAYS,4602503000009244225,Head Office,Cost of Goods Sold,Inventory Asset,,31.00,29.000000,,Each
195,2025-03-04,,Adjusted,4602503000010216472,quantity,Inventory Revaluation,,"SUMMER SOLAR COLLECTOR, BLACK, ZNAL, FULL THREAD",4602503000009249674,SC-FHS01,4602503000009244225,Head Office,Cost of Goods Sold,Finished Goods,,1.00,0.000000,,pcs
204,2025-03-18,,Adjusted,4602503000010970601,quantity,Inventory Revaluation,As of 17/03/2025,SOLIS 5KW SINGLE-PHASE DUAL MPPT STRING INVERTER,4602503000000203039,S6-GR1P5K,4602503000009244225,Head Office,Cost of Goods Sold,Inventory Asset,10 years product warranty,-2.00,0.000000,,Each
204,2025-03-18,,Adjusted,4602503000010970601,quantity,Inventory Revaluation,As of 17/03/2025,SOLIS 10KW 3-PHASE DUAL MPPT STRING INVERTER,4602503000000203072,S5-GR3P10K,4602503000009244225,Head Office,Cost of Goods Sold,Inventory Asset,10 years product warranty,7.00,1.000000,,Each
204,2025-03-18,,Adjusted,4602503000010970601,quantity,Inventory Revaluation,As of 17/03/2025,SOLIS 12KW 3-PHASE DUAL MPPT STRING INVERTER,4602503000000203083,S5-GR3P12K,4602503000009244225,Head Office,Cost of Goods Sold,Inventory Asset,10 years product warranty,10.00,1.000000,,Each
204,2025-03-18,,Adjusted,4602503000010970601,quantity,Inventory Revaluation,As of 17/03/2025,SOLIS 15KW 3-PHASE DUAL MPPT STRING INVERTER,4602503000000203094,S5-GR3P15K,4602503000009244225,Head Office,Cost of Goods Sold,Inventory Asset,10 years product warranty,1.00,1.000000,,Each
204,2025-03-18,,Adjusted,4602503000010970601,quantity,Inventory Revaluation,As of 17/03/2025,SOLIS 17KW 3-PHASE DUAL MPPT STRING INVERTER,4602503000000340115,S5-GR3P17K,4602503000009244225,Head Office,Cost of Goods Sold,Inventory Asset,10 years product warranty,1.00,1.000000,,Each
204,2025-03-18,,Adjusted,4602503000010970601,quantity,Inventory Revaluation,As of 17/03/2025,SOLIS 60KW 3-PHASE 6 MPPT STRING INVERTER,4602503000000319021,S5-GC60K,4602503000009244225,Head Office,Cost of Goods Sold,Inventory Asset,17 years product warranty,-1.00,0.000000,,Each
204,2025-03-18,,Adjusted,4602503000010970601,quantity,Inventory Revaluation,As of 17/03/2025,APSYSTEMS MICRO INVERTER QT2 3.6 kW 8 PANEL 3 PHASE,4602503000002944058,D-3P-QT2D-8T-1,4602503000009244225,Head Office,Cost of Goods Sold,Finished Goods,12 years product warranty,-31.00,0.000000,,Each
204,2025-03-18,,Adjusted,4602503000010970601,quantity,Inventory Revaluation,As of 17/03/2025,APSYSTEMS MICRO INVERTER QT2 2 kW 4 PANEL 3 PHASE,4602503000002944049,D-3P-QT2-4T-1,4602503000009244225,Head Office,Cost of Goods Sold,Finished Goods,12 years product warranty,-6.00,0.000000,,Each
204,2025-03-18,,Adjusted,4602503000010970601,quantity,Inventory Revaluation,As of 17/03/2025,"AP system Bus Cable 3phase 5c (4mm2, H07,2.4m)",4602503000003410047,SKU-APCUT-02,4602503000009244225,Head Office,Cost of Goods Sold,Finished Goods,,-42.00,0.000000,,pcs
204,2025-03-18,,Adjusted,4602503000010970601,quantity,Inventory Revaluation,As of 17/03/2025,AP SYSTEM BUS CABLE 5C END CAP (TWO SEALS),4602503000003410060,SKU-APBC-03,4602503000009244225,Head Office,Cost of Goods Sold,Finished Goods,,-20.00,0.000000,,pcs
204,2025-03-18,,Adjusted,4602503000010970601,quantity,Inventory Revaluation,As of 17/03/2025,AP SYSTEM BUS CABLE 5 WIRE T-CONN CAP,4602503000003410069,SKU-APBTC-01,4602503000009244225,Head Office,Cost of Goods Sold,Finished Goods,,-6.00,0.000000,,pcs
204,2025-03-18,,Adjusted,4602503000010970601,quantity,Inventory Revaluation,As of 17/03/2025,"APsystems AC Connector (5C,40A,male)",4602503000003410106,SKU-APAC-01,4602503000009244225,Head Office,Cost of Goods Sold,Finished Goods,,-29.00,0.000000,,pcs
204,2025-03-18,,Adjusted,4602503000010970601,quantity,Inventory Revaluation,As of 17/03/2025,"APsystems AC Connector (5C 40A, female)",4602503000006823089,AP-AC-5C40AF,4602503000009244225,Head Office,Cost of Goods Sold,Finished Goods,,-30.00,0.000000,,pcs
204,2025-03-18,,Adjusted,4602503000010970601,quantity,Inventory Revaluation,As of 17/03/2025,APSYSTEMS MICRO INVERTER DS3D 2 kW 4 PANEL 1 PHASE,4602503000002944036,D-1P-DS3D-4T-1,4602503000009244225,Head Office,Cost of Goods Sold,Finished Goods,12 years product warranty,-2.00,0.000000,,Each
204,2025-03-18,,Adjusted,4602503000010970601,quantity,Inventory Revaluation,As of 17/03/2025,APSYSTEMS MICRO INVERTER DS3 880 W 2 PANEL 1 PHASE,4602503000002944023,D-1P-DS3-2T-1,4602503000009244225,Head Office,Cost of Goods Sold,Finished Goods,12 years product warranty,1.00,551.630000,,Each
204,2025-03-18,,Adjusted,4602503000010970601,quantity,Inventory Revaluation,As of 17/03/2025,"AP Systems Single Phase Bus Cable (4mm2, H07,2.4m)",4602503000003673021,SKU-APSP-01,4602503000009244225,Head Office,Cost of Goods Sold,Inventory Asset,,-11.00,0.000000,,pcs
204,2025-03-18,,Adjusted,4602503000010970601,quantity,Inventory Revaluation,As of 17/03/2025,"AC Connector (3 core , two seals, male)",4602503000003673047,SKU-APAC-02,4602503000009244225,Head Office,Cost of Goods Sold,Inventory Asset,,-2.00,0.000000,,pcs
204,2025-03-18,,Adjusted,4602503000010970601,quantity,Inventory Revaluation,As of 17/03/2025,"AC Connector (3 core, two seals, female)",4602503000003673056,SKU-APAC-03,4602503000009244225,Head Office,Cost of Goods Sold,Inventory Asset,,-2.00,0.000000,,pcs
204,2025-03-18,,Adjusted,4602503000010970601,quantity,Inventory Revaluation,As of 17/03/2025,APsystems Energy Communication Unit R,4602503000002944107,ECU-R,4602503000009244225,Head Office,Cost of Goods Sold,Inventory Asset,,-4.00,0.000000,,Each
204,2025-03-18,,Adjusted,4602503000010970601,quantity,Inventory Revaluation,As of 17/03/2025,APsystems Y Bus Cable Unlock Tool,4602503000002944098,APCUT-01,4602503000009244225,Head Office,Cost of Goods Sold,Inventory Asset,,-24.00,0.000000,,Each
204,2025-03-18,,Adjusted,4602503000010970601,quantity,Inventory Revaluation,As of 17/03/2025,"AP Eu Power Cord (1.5mm2 ,BC01, H07,5m)",4602503000003673034,SKU-APEPC-01,4602503000009244225,Head Office,Cost of Goods Sold,Inventory Asset,,-2.00,0.000000,,pcs
204,2025-03-18,,Adjusted,4602503000010970601,quantity,Inventory Revaluation,As of 17/03/2025,Combiner box 2 row 28 ways,4602503000000451530,DB-2R-28WAYS,4602503000009244225,Head Office,Cost of Goods Sold,Inventory Asset,,8.00,29.000000,,Each
204,2025-03-18,,Adjusted,4602503000010970601,quantity,Inventory Revaluation,As of 17/03/2025,DC MCB 2P 550VDC 63A,4602503000000383157,FPV-63,4602503000009244225,Head Office,Cost of Goods Sold,Inventory Asset,PV,16.00,0.000000,,Each
204,2025-03-18,,Adjusted,4602503000010970601,quantity,Inventory Revaluation,As of 17/03/2025,DC SPD 2P 600VDC 20~40KA,4602503000006548021,FSP-D40-600,4602503000009244225,Head Office,Cost of Goods Sold,Inventory Asset,PV,-38.00,0.000000,,Each
204,2025-03-18,,Adjusted,4602503000010970601,quantity,Inventory Revaluation,As of 17/03/2025,DC FUSE 1P 1000VDC 20A FUSE LINK + HOLDER,4602503000000383190,FDS-32B,4602503000009244225,Head Office,Cost of Goods Sold,Inventory Asset,PV,-122.00,0.000000,,Each
204,2025-03-18,,Adjusted,4602503000010970601,quantity,Inventory Revaluation,As of 17/03/2025,DC FUSE 1P 1000VDC 20A FUSE,4602503000000549873,FDS-32,4602503000009244225,Head Office,Cost of Goods Sold,Inventory Asset,,-6.00,0.000000,,Each
204,2025-03-18,,Adjusted,4602503000010970601,quantity,Inventory Revaluation,As of 17/03/2025,AC MCB 4P 400VAC 63A,4602503000000383201,FE7-63,4602503000009244225,Head Office,Cost of Goods Sold,Inventory Asset,,-73.00,0.000000,,Each
204,2025-03-18,,Adjusted,4602503000010970601,quantity,Inventory Revaluation,As of 17/03/2025,AC SPD 4P 420VAC 20~40KA,4602503000000383212,FSP-A40,4602503000009244225,Head Office,Cost of Goods Sold,Inventory Asset,PV,5.00,1.000000,,Each
204,2025-03-18,,Adjusted,4602503000010970601,quantity,Inventory Revaluation,As of 17/03/2025,DIGITAL ENERGY METER - 3 PHASE 4P 3X220/380V,4602503000000383223,DTM024,4602503000009244225,Head Office,Cost of Goods Sold,Inventory Asset,PV,-4.00,0.000000,,Each
204,2025-03-18,,Adjusted,4602503000010970601,quantity,Inventory Revaluation,As of 17/03/2025,MCB Box 12.5 WAY,4602503000004024136,SKU-Box-01,4602503000009244225,Head Office,Cost of Goods Sold,Inventory Asset,,-9.00,0.000000,,pcs
204,2025-03-18,,Adjusted,4602503000010970601,quantity,Inventory Revaluation,As of 17/03/2025,Rail Splice,4602503000004890174,SLR-RS-01-L-D,4602503000009244225,Head Office,Cost of Goods Sold,Inventory Asset,,-457.00,0.000000,,Each
204,2025-03-18,,Adjusted,4602503000010970601,quantity,Inventory Revaluation,As of 17/03/2025,MID CLAMP 30MM,4602503000004890203,SLR-MC-30-D,4602503000009244225,Head Office,Cost of Goods Sold,Inventory Asset,,-1787.00,0.000000,,pcs
204,2025-03-18,,Adjusted,4602503000010970601,quantity,Inventory Revaluation,As of 17/03/2025,END CLAMP 30MM,4602503000004890232,SLR-EC-30-D,4602503000009244225,Head Office,Cost of Goods Sold,Inventory Asset,,-1523.00,0.000000,,pcs
204,2025-03-18,,Adjusted,4602503000010970601,quantity,Inventory Revaluation,As of 17/03/2025,GROUNDING CLIP,4602503000000203171,KS-BR1-GC,4602503000009244225,Head Office,Cost of Goods Sold,Inventory Asset,,-817.00,0.000000,,Each
204,2025-03-18,,Adjusted,4602503000010970601,quantity,Inventory Revaluation,As of 17/03/2025,GROUNDING LUG 40MM,4602503000004890261,SLR-EK-D,4602503000009244225,Head Office,Cost of Goods Sold,Inventory Asset,,-486.00,0.000000,,Each
204,2025-03-18,,Adjusted,4602503000010970601,quantity,Inventory Revaluation,As of 17/03/2025,TILE HOOK #01,4602503000004890317,SLR-CTH-01,4602503000009244225,Head Office,Cost of Goods Sold,Inventory Asset,,-2580.00,0.000000,,Each
204,2025-03-18,,Adjusted,4602503000010970601,quantity,Inventory Revaluation,As of 17/03/2025,TILE HOOK #03,4602503000004890373,SLR-CTH-03,4602503000009244225,Head Office,Cost of Goods Sold,Inventory Asset,,876.00,1.000000,,Each
204,2025-03-18,,Adjusted,4602503000010970601,quantity,Inventory Revaluation,As of 17/03/2025,KLIP-LOK #17,4602503000004179105,KL-01,4602503000009244225,Head Office,Cost of Goods Sold,Inventory Asset,,-1600.00,0.000000,,pcs
204,2025-03-18,,Adjusted,4602503000010970601,quantity,Inventory Revaluation,As of 17/03/2025,T NUT WITH BOLT M8 x 25MM,4602503000004890346,SLR-BN-25-D,4602503000009244225,Head Office,Cost of Goods Sold,Inventory Asset,,-1140.00,0.000000,,pcs
204,2025-03-18,,Adjusted,4602503000010970601,quantity,Inventory Revaluation,As of 17/03/2025,"L feet (8.5 hole) with bolt, nuts & washers",4602503000000383333,KS-HK-L21-02,4602503000009244225,Head Office,Cost of Goods Sold,Inventory Asset,PV,-548.00,0.000000,,Each
204,2025-03-18,,Adjusted,4602503000010970601,quantity,Inventory Revaluation,As of 17/03/2025,DC CABLE - Fireproof 1C x 4mm^2 (1000 meters / Drum) Black,4602503000002163703,T-453,4602503000009244225,Head Office,Cost of Goods Sold,Inventory Asset,,-10405.00,0.000000,,m
204,2025-03-18,,Adjusted,4602503000010970601,quantity,Inventory Revaluation,As of 17/03/2025,"HDG TRUNKING 2"" X 2"" X L8",4602503000002116893,CO-SD-53,4602503000009244225,Head Office,Cost of Goods Sold,Inventory Asset,,42.00,41.000000,,Each
204,2025-03-18,,Adjusted,4602503000010970601,quantity,Inventory Revaluation,As of 17/03/2025,"PVC CASING 2"" x 2"" x 6 FT",4602503000002764011,T-478,4602503000009244225,Head Office,Cost of Goods Sold,Inventory Asset,,-253.00,0.000000,,PCS
204,2025-03-18,,Adjusted,4602503000010970601,quantity,Inventory Revaluation,As of 17/03/2025,"FLEXIBLE GI CONDUIT PVC COATED 1"" X 30M",4602503000000451596,"FLX-GI-PVC-1""",4602503000009244225,Head Office,Cost of Goods Sold,Inventory Asset,,22.50,110.000000,,rolls
204,2025-03-18,,Adjusted,4602503000010970601,quantity,Inventory Revaluation,As of 17/03/2025,"1"" PVC Flex Conduit Black- 20meter",4602503000000451607,"FLX-PVC-1""",4602503000009244225,Head Office,Cost of Goods Sold,Inventory Asset,,-0.50,0.000000,,rolls
204,2025-03-18,,Adjusted,4602503000010970601,quantity,Inventory Revaluation,As of 17/03/2025,Pipe PVC 10FT,4602503000002163805,T-463,4602503000009244225,Head Office,Cost of Goods Sold,Inventory Asset,,-193.00,0.000000,,pcs
204,2025-03-18,,Adjusted,4602503000010970601,quantity,Inventory Revaluation,As of 17/03/2025,"SOCKET PVC 1""",4602503000000615837,T-0028,4602503000009244225,Head Office,Cost of Goods Sold,Inventory Asset,,-154.00,0.000000,,pcs
204,2025-03-18,,Adjusted,4602503000010970601,quantity,Inventory Revaluation,As of 17/03/2025,Female Adaptor PVC 1'',4602503000002163596,T-438,4602503000009244225,Head Office,Cost of Goods Sold,Inventory Asset,,-65.00,0.000000,,pcs
204,2025-03-18,,Adjusted,4602503000010970601,quantity,Inventory Revaluation,As of 17/03/2025,CABLE MARKER 0,4602503000000549719,"OK-EC1,0",4602503000009244225,Head Office,Cost of Goods Sold,Inventory Asset,,2050.00,0.000000,,Each
204,2025-03-18,,Adjusted,4602503000010970601,quantity,Inventory Revaluation,As of 17/03/2025,CABLE MARKER 1,4602503000000549730,"OK-EC1,1",4602503000009244225,Head Office,Cost of Goods Sold,Inventory Asset,,-450.00,0.000000,,Each
204,2025-03-18,,Adjusted,4602503000010970601,quantity,Inventory Revaluation,As of 17/03/2025,CABLE MARKER 2,4602503000000549741,"OK-EC1,2",4602503000009244225,Head Office,Cost of Goods Sold,Inventory Asset,,-540.00,0.000000,,Each
204,2025-03-18,,Adjusted,4602503000010970601,quantity,Inventory Revaluation,As of 17/03/2025,CABLE MARKER 3,4602503000000549752,"OK-EC1,3",4602503000009244225,Head Office,Cost of Goods Sold,Inventory Asset,,-540.00,0.000000,,Each
204,2025-03-18,,Adjusted,4602503000010970601,quantity,Inventory Revaluation,As of 17/03/2025,CABLE MARKER 4,4602503000000549763,"OK-EC1,4",4602503000009244225,Head Office,Cost of Goods Sold,Inventory Asset,,3060.00,0.000000,,Each
204,2025-03-18,,Adjusted,4602503000010970601,quantity,Inventory Revaluation,As of 17/03/2025,EC1 CABLE MARKER P,4602503000002116929,"OK-EC1,P",4602503000009244225,Head Office,Cost of Goods Sold,Inventory Asset,,-450.00,0.000000,,Each
204,2025-03-18,,Adjusted,4602503000010970601,quantity,Inventory Revaluation,As of 17/03/2025,EC1 CABLE MARKER N,4602503000002116920,"OK-EC1,N",4602503000009244225,Head Office,Cost of Goods Sold,Inventory Asset,,-828.00,0.000000,,Each
204,2025-03-18,,Adjusted,4602503000010970601,quantity,Inventory Revaluation,As of 17/03/2025,Solar connector 1000V 6mm^2,4602503000002116884,FMC4,4602503000009244225,Head Office,Cost of Goods Sold,Inventory Asset,,-881.00,0.000000,,Each
204,2025-03-18,,Adjusted,4602503000010970601,quantity,Inventory Revaluation,As of 17/03/2025,"SILICON SEALANT - NEUTRAL CURE, BLACK",4602503000000616503,T-0255,4602503000009244225,Head Office,Cost of Goods Sold,Inventory Asset,,-85.00,0.000000,,Each
204,2025-03-18,,Adjusted,4602503000010970601,quantity,Inventory Revaluation,As of 17/03/2025,SILICONE SEALANT,4602503000000623441,T-405,4602503000009244225,Head Office,Cost of Goods Sold,Inventory Asset,,10.00,0.000000,,Each
204,2025-03-18,,Adjusted,4602503000010970601,quantity,Inventory Revaluation,As of 17/03/2025,Sleeve Anchor '1/4 inches (8mm),4602503000002163783,T-461,4602503000009244225,Head Office,Cost of Goods Sold,Inventory Asset,,620.00,0.250000,,Each
204,2025-03-18,,Adjusted,4602503000010970601,quantity,Inventory Revaluation,As of 17/03/2025,Wire Tape 5 Mil x 18mm x 5M (Black),4602503000002163832,T-466,4602503000009244225,Head Office,Cost of Goods Sold,Inventory Asset,,-27.00,0.000000,,Each
204,2025-03-18,,Adjusted,4602503000010970601,quantity,Inventory Revaluation,As of 17/03/2025,Wire Tape 5 Mil x 18mm x 5M (Blue),4602503000002163841,T-467,4602503000009244225,Head Office,Cost of Goods Sold,Inventory Asset,,-33.00,0.000000,,Each
204,2025-03-18,,Adjusted,4602503000010970601,quantity,Inventory Revaluation,As of 17/03/2025,Wire Tape 5 Mil x 18mm x 5M (Red),4602503000002163850,T-468,4602503000009244225,Head Office,Cost of Goods Sold,Inventory Asset,,-318.00,0.000000,,Each
204,2025-03-18,,Adjusted,4602503000010970601,quantity,Inventory Revaluation,As of 17/03/2025,Wire Tape 5 Mil x 18mm x 5M (Yellow),4602503000002163859,T-469,4602503000009244225,Head Office,Cost of Goods Sold,Inventory Asset,,87.00,0.420000,,Each
204,2025-03-18,,Adjusted,4602503000010970601,quantity,Inventory Revaluation,As of 17/03/2025,Inches screw c/w with wall plug 6mm x 2,4602503000002163631,T-445,4602503000009244225,Head Office,Cost of Goods Sold,Inventory Asset,,-1182.00,0.000000,,Each
204,2025-03-18,,Adjusted,4602503000010970601,quantity,Inventory Revaluation,As of 17/03/2025,"NUT SS304, M8",4602503000000620700,PART-000043,4602503000009244225,Head Office,Cost of Goods Sold,Inventory Asset,,-2871.00,0.000000,,pcs
204,2025-03-18,,Adjusted,4602503000010970601,quantity,Inventory Revaluation,As of 17/03/2025,"BOLT - SS304, M8 X 20MM X 1.25MM",4602503000000620689,PART-000012,4602503000009244225,Head Office,Cost of Goods Sold,Inventory Asset,,-1521.00,0.000000,,pcs
204,2025-03-18,,Adjusted,4602503000010970601,quantity,Inventory Revaluation,As of 17/03/2025,S/S A2 Flat Washer M8(8.5 x 22OD x 1.5mm),4602503000005320104,SKU-M8-01,4602503000009244225,Head Office,Cost of Goods Sold,Inventory Asset,,612.00,0.120000,,pcs
204,2025-03-18,,Adjusted,4602503000010970601,quantity,Inventory Revaluation,As of 17/03/2025,"Cement, 50kg",4602503000002163640,T-446,4602503000009244225,Head Office,Cost of Goods Sold,Inventory Asset,,-11.00,0.000000,,Bags
210,2025-04-10,,Adjusted,4602503000011986118,quantity,Inventory Revaluation,,EC1 CABLE MARKER N,4602503000002116920,"OK-EC1,N",4602503000009244225,Head Office,Cost of Goods Sold,Inventory Asset,,1200.00,13.000000,,Each
211,2025-04-10,,Adjusted,4602503000011992157,quantity,Inventory Revaluation,,"1"" PVC Flex Conduit Black- 20meter",4602503000000451607,"FLX-PVC-1""",4602503000009244225,Head Office,Cost of Goods Sold,Inventory Asset,,300.00,22.000000,,rolls
212,2025-04-10,,Adjusted,4602503000011992652,quantity,Inventory Revaluation,,KLIP-LOK 700 Roof Hook,4602503000000383366,KS-HK-S09-02,4602503000009244225,Head Office,Cost of Goods Sold,Inventory Asset,PV,600.00,0.000000,,Each
215,2025-04-10,,Adjusted,4602503000012014868,quantity,Inventory Revaluation,,CABLE MARKER 2,4602503000000549741,"OK-EC1,2",4602503000009244225,Head Office,Cost of Goods Sold,Inventory Asset,,300.00,0.000000,,Each
215,2025-04-10,,Adjusted,4602503000012014868,quantity,Inventory Revaluation,,Rail SLR-R02-Light 5200MM,4602503000004890141,SLR-R02-LIGHT,4602503000009244225,Head Office,Cost of Goods Sold,Inventory Asset,"52mm x 32mm - 5200mm

",2000.00,66.500000,,pcs
217,2025-04-10,,Adjusted,4602503000012033464,quantity,Inventory Revaluation,,CABLE MARKER 1,4602503000000549730,"OK-EC1,1",4602503000009244225,Head Office,Cost of Goods Sold,Inventory Asset,,600.00,0.000000,,Each
217,2025-04-10,,Adjusted,4602503000012033464,quantity,Inventory Revaluation,,EC1 CABLE MARKER P,4602503000002116929,"OK-EC1,P",4602503000009244225,Head Office,Cost of Goods Sold,Inventory Asset,,600.00,0.000000,,Each
218,2025-04-10,,Adjusted,4602503000012039901,quantity,Inventory Revaluation,,"GROUNDING LUG, HIGH BALLAST",4602503000003020068,EK-D,4602503000009244225,Head Office,Cost of Goods Sold,Inventory Asset,LOW BALLAST,800.00,1.800000,,pcs
219,2025-04-10,,Adjusted,4602503000012046445,quantity,Inventory Revaluation,,DC CABLE - Fireproof 1C x 4mm^2 (1000 meters / Drum) Black,4602503000002163703,T-453,4602503000009244225,Head Office,Cost of Goods Sold,Inventory Asset,,4000.00,2.200000,,m
219,2025-04-10,,Adjusted,4602503000012046445,quantity,Inventory Revaluation,,Pipe PVC 10FT,4602503000002163805,T-463,4602503000009244225,Head Office,Cost of Goods Sold,Inventory Asset,,300.00,2.500000,,pcs
224,2025-04-13,,Adjusted,4602503000012222588,quantity,Inventory Revaluation,,"FLEXIBLE GI CONDUIT PVC COATED 1"" X 30M",4602503000000451596,"FLX-GI-PVC-1""",4602503000009244225,Head Office,Cost of Goods Sold,Inventory Asset,,100.00,114.000000,,rolls
224,2025-04-13,,Adjusted,4602503000012222588,quantity,Inventory Revaluation,,"1"" PVC Flex Conduit Black- 20meter",4602503000000451607,"FLX-PVC-1""",4602503000009244225,Head Office,Cost of Goods Sold,Inventory Asset,,100.00,22.000000,,rolls
227,2025-04-17,,Adjusted,4602503000012712133,quantity,Inventory Revaluation,,KLIP-LOK 700 Roof Hook,4602503000000383366,KS-HK-S09-02,4602503000009244225,Head Office,Cost of Goods Sold,Inventory Asset,PV,300.00,0.000000,,Each
231,2025-04-21,,Adjusted,4602503000012864905,quantity,Inventory Revaluation,,CABLE MARKER 2,4602503000000549741,"OK-EC1,2",4602503000009244225,Head Office,Cost of Goods Sold,Inventory Asset,,200.00,0.000000,,Each
231,2025-04-21,,Adjusted,4602503000012864905,quantity,Inventory Revaluation,,"SOCKET PVC 1""",4602503000000615837,T-0028,4602503000009244225,Head Office,Cost of Goods Sold,Inventory Asset,,200.00,0.200000,,pcs
232,2025-04-21,,Adjusted,4602503000012873909,quantity,Inventory Revaluation,,"GROUNDING LUG, HIGH BALLAST",4602503000003020068,EK-D,4602503000009244225,Head Office,Cost of Goods Sold,Inventory Asset,LOW BALLAST,300.00,1.800000,,pcs
233,2025-04-23,,Adjusted,4602503000012938766,quantity,Inventory Revaluation,,"SUMMER SOLAR COLLECTOR, CX BLACK, ZNAL",4602503000000447317,COMP-008035,4602503000009244225,Head Office,Cost of Goods Sold,Inventory Asset,,2.00,529.860000,,pcs
234,2025-04-23,,Adjusted,4602503000012955451,quantity,Inventory Revaluation,,KLIP-LOK 700 Roof Hook,4602503000000383366,KS-HK-S09-02,4602503000009244225,Head Office,Cost of Goods Sold,Inventory Asset,PV,200.00,0.000000,,Each
239,2025-04-30,,Adjusted,4602503000013279555,quantity,Inventory Revaluation,,"SUMMER SOLAR COLLECTOR, BLACK, ZNAL, FULL THREAD",4602503000009249674,SC-FHS01,4602503000009244225,Head Office,Cost of Goods Sold,Finished Goods,,4.00,0.000000,,pcs
240,2025-05-05,,Adjusted,4602503000013403121,quantity,Inventory Revaluation,,"SUMMER SOLAR COLLECTOR, CX BLACK, ZNAL",4602503000000447317,COMP-008035,4602503000009244225,Head Office,Cost of Goods Sold,Inventory Asset,,2.00,529.860000,,pcs
243,2025-05-13,,Adjusted,4602503000013901199,quantity,Inventory Revaluation,"33 unit panels in half thread category
change back to full thread","SUMMER SOLAR COLLECTOR, BLACK, ZNAL, FULL THREAD",4602503000009249674,SC-FHS01,4602503000009244225,Head Office,Cost of Goods Sold,Finished Goods,,29.00,0.000000,,pcs
243,2025-05-13,,Adjusted,4602503000013901199,quantity,Inventory Revaluation,"33 unit panels in half thread category
change back to full thread","Summer Solar Collector, CX BlACk, ZnAl",4602503000000447317,COMP-008035,4602503000009244225,Head Office,Cost of Goods Sold,Inventory Asset,,-29.00,0.000000,,pcs
243,2025-05-13,,Adjusted,4602503000013901199,quantity,Inventory Revaluation,"33 unit panels in half thread category
change back to full thread","Summer Solar Collector, CX BlACk, ZnAl",4602503000000447317,COMP-008035,4602503000009244225,Head Office,Cost of Goods Sold,Inventory Asset,,4.00,529.860000,,pcs
244,2025-05-15,,Adjusted,4602503000014044240,quantity,Inventory Revaluation,add on back the SN number,"SUMMER SOLAR COLLECTOR, BLACK, ZNAL, FULL THREAD",4602503000009249674,SC-FHS01,4602503000009244225,Head Office,Cost of Goods Sold,Finished Goods,,26.00,0.000000,,pcs
246,2025-05-16,,Adjusted,4602503000014127520,quantity,Inventory Revaluation,Exisiting found in the Warehouse,"Summer Solar Collector, CX BlACk, ZnAl",4602503000000447317,COMP-008035,4602503000009244225,Head Office,Cost of Goods Sold,Inventory Asset,,4.00,529.860000,,pcs
255,2025-05-21,,Adjusted,4602503000014223322,quantity,Inventory Revaluation,,APSYSTEMS MICRO INVERTER QT2 2 kW 3P4P,4602503000012297032,QT2,4602503000009244225,Head Office,Cost of Goods Sold,Finished Goods,25 years product warranty,10.00,1100.000000,,pcs
257,2025-05-27,,Adjusted,4602503000014427637,quantity,Inventory Revaluation,found in Warehouse,"SUMMER SOLAR COLLECTOR, BLACK, ZNAL, FULL THREAD",4602503000009249674,SC-FHS01,4602503000009244225,Head Office,Cost of Goods Sold,Finished Goods,,7.00,0.000000,,pcs
259,2025-05-27,,Adjusted,4602503000014427828,quantity,Inventory Revaluation,"Found in warehouse
","SUMMER SOLAR WATER HEATER TANK, 300L, GVAL",4602503000004837171,COMP-005659,4602503000009244225,Head Office,Cost of Goods Sold,Inventory Asset,"GVAL, SS304",1.00,1116.440000,,pcs
260,2025-05-27,,Adjusted,4602503000014442232,quantity,Inventory Revaluation,Not found in Warehouse,"Summer Solar Collector, CX BlACk, ZnAl",4602503000000447317,COMP-008035,4602503000009244225,Head Office,Cost of Goods Sold,Inventory Asset,,-39.00,0.000000,,pcs
275,2025-05-29,,Adjusted,4602503000014507024,quantity,Inventory Revaluation,,Solarspace 620W N-Topcon Bi Facial PV Module,4602503000008753998,SSA-66HD-620N,4602503000009244225,Head Office,Cost of Goods Sold,Finished Goods,"15 YEARS PRODUCT WARRANTY, 30 YEARS LINEAR POWER WARRANTY",17.00,231.236800,,pcs
278,2025-06-05,,Adjusted,4602503000014725040,quantity,Inventory Revaluation,,"SUMMER SOLAR WATER HEATER TANK, DIRECT 180L, GVAL",4602503000004549120,COMP-005645,4602503000009244225,Head Office,Cost of Goods Sold,Inventory Asset,"GVAL, SS304",3.00,860.390000,,Unit
278,2025-06-05,,Adjusted,4602503000014725040,quantity,Inventory Revaluation,,"Summer Solar Collector, CX BlACk, ZnAl",4602503000000447317,COMP-008035,4602503000009244225,Head Office,Cost of Goods Sold,Inventory Asset,,3.00,529.860000,,pcs
278,2025-06-05,,Adjusted,4602503000014725040,quantity,Inventory Revaluation,,"PART KIT, 180L, DIRECT, CARTON",4602503000000449330,COMP-005624,4602503000009244225,Head Office,Cost of Goods Sold,Inventory Asset,,3.00,349.080000,,Each
279,2025-06-12,,Adjusted,4602503000015089058,quantity,Inventory Revaluation,,"SUMMER SOLAR COLLECTOR, BLACK, ZNAL, FULL THREAD",4602503000009249674,SC-FHS01,4602503000009244225,Head Office,Cost of Goods Sold,Finished Goods,,1.00,0.000000,,pcs
279,2025-06-12,,Adjusted,4602503000015089058,quantity,Inventory Revaluation,,"SUMMER SOLAR WATER HEATER TANK, DIRECT 180L, GVAL",4602503000004549120,COMP-005645,4602503000009244225,Head Office,Cost of Goods Sold,Inventory Asset,"GVAL, SS304",11.00,860.390000,,Unit
280,2025-06-16,,Adjusted,4602503000015248041,quantity,Inventory Revaluation,"PO-799 
COMP-S-000014","SUMMER SOLAR COLLECTOR, TITANIUM, CARTON",4602503000012414119,COMP-008046,4602503000009244225,Head Office,Cost of Goods Sold,Inventory Asset,,6.00,676.000000,,Each
281,2025-06-18,,Adjusted,4602503000015316084,quantity,Inventory Revaluation,Gallant Industry,Solarspace 620W N-Topcon Bi Facial PV Module,4602503000008753998,SSA-66HD-620N,4602503000009244225,Head Office,Cost of Goods Sold,Finished Goods,"15 YEARS PRODUCT WARRANTY, 30 YEARS LINEAR POWER WARRANTY",72.00,221.289400,,pcs
283,2025-06-23,,Adjusted,4602503000015467153,quantity,Inventory Revaluation,"New stock, no yet GR, reserved for  mock up project","SUMMER SOLAR WATER HEATER TANK, DIRECT 180L, GVAL",4602503000004549120,COMP-005645,4602503000009244225,Head Office,Cost of Goods Sold,Inventory Asset,"GVAL, SS304",2.00,860.390000,,Unit
286,2025-07-07,,Adjusted,4602503000016217080,quantity,Inventory Revaluation,,"SUMMER SOLAR WATER HEATER TANK, 300L, GVAL",4602503000004837171,COMP-005659,4602503000009244225,Head Office,Cost of Goods Sold,Inventory Asset,"GVAL, SS304",13.00,1116.440000,,pcs
293,2025-08-12,,Adjusted,4602503000017532329,quantity,Inventory Revaluation,found the stock in WH,"SUMMER SOLAR WATER HEATER TANK, 300L, GVAL",4602503000004837171,COMP-005659,4602503000009244225,Head Office,Cost of Goods Sold,Inventory Asset,"GVAL, SS304",1.00,1116.440000,,pcs
294,2025-08-21,,Adjusted,4602503000017624878,quantity,Inventory Revaluation,,"SUMMER SOLAR WATER HEATER TANK, DIRECT 180L, GVAL",4602503000004549120,COMP-005645,4602503000009244225,Head Office,Cost of Goods Sold,Inventory Asset,"GVAL, SS304",5.00,831.340000,,Unit
298,2025-09-17,,Adjusted,4602503000017859749,quantity,Inventory Revaluation,,"Summer Solar Collector, CX BlACk, ZnAl",4602503000000447317,COMP-008035,4602503000009244225,Head Office,Cost of Goods Sold,Inventory Asset,,1.00,529.860000,,pcs
301,2025-09-23,,Adjusted,4602503000017970001,quantity,Inventory Revaluation,,"Summer Solar Collector, CX BlACk, ZnAl",4602503000000447317,COMP-008035,4602503000009244225,Head Office,Cost of Goods Sold,Inventory Asset,,1.00,529.860000,,pcs
327,2025-10-02,,Adjusted,4602503000018129975,quantity,Inventory Revaluation,,"SUMMER SOLAR WATER HEATER TANK, DIRECT 180L, GVAL",4602503000004549120,COMP-005645,4602503000009244225,Head Office,Cost of Goods Sold,Inventory Asset,"GVAL, SS304

Not Found on Ground",-7.00,0.000000,,Unit
327,2025-10-02,,Adjusted,4602503000018129975,quantity,Inventory Revaluation,,"SUMMER SOLAR WATER HEATER TANK, 300L, GVAL",4602503000004837171,COMP-005659,4602503000009244225,Head Office,Cost of Goods Sold,Inventory Asset,"GVAL, SS304

Not Found on Ground",-72.00,0.000000,,pcs
327,2025-10-02,,Adjusted,4602503000018129975,quantity,Inventory Revaluation,,"Summer Solar Collector, CX BlACk, ZnAl",4602503000000447317,COMP-008035,4602503000009244225,Head Office,Cost of Goods Sold,Inventory Asset,Not Found on Ground,-112.00,0.000000,,pcs
332,2025-10-03,,Adjusted,4602503000018207540,quantity,Stocktaking results,,CABLE MARKER 1,4602503000000549730,"OK-EC1,1",4602503000009244225,Head Office,Cost of Goods Sold,Inventory Asset,,790.00,5.500000,,pcs
333,2025-10-03,,Adjusted,4602503000018207566,quantity,Stocktaking results,,CABLE MARKER P,4602503000002116929,"OK-EC1,P",4602503000009244225,Head Office,Cost of Goods Sold,Inventory Asset,,390.00,5.500000,,pcs
334,2025-10-03,,Adjusted,4602503000018207592,quantity,Stocktaking results,,CABLE MARKER 2,4602503000000549741,"OK-EC1,2",4602503000009244225,Head Office,Cost of Goods Sold,Inventory Asset,,790.00,5.500000,,pcs
335,2025-10-03,,Adjusted,4602503000018207618,quantity,Stocktaking results,,CABLE MARKER N,4602503000002116920,"OK-EC1,N",4602503000009244225,Head Office,Cost of Goods Sold,Inventory Asset,,990.00,5.500000,,pcs
336,2025-10-07,,Adjusted,4602503000018265132,quantity,Stocktaking results,,Meru MP30 HCM Wrapped CEV,4602503000004841112,COMP-D-000439,4602503000009244225,Head Office,Cost of Goods Sold,Inventory Asset,,1.00,0.000000,,Each
339,2025-10-01,,Adjusted,4602503000018433072,quantity,Stocktaking results,,"Summer Solar Collector, CX BlACk, ZnAl",4602503000000447317,COMP-008035,4602503000009244225,Head Office,Cost of Goods Sold,Inventory Asset,,2.00,529.860000,,pcs
341,2025-10-15,,Adjusted,4602503000018422688,quantity,Inventory Revaluation,Restock the qty to issue close the Johor SO,"SUMMER SOLAR WATER HEATER TANK, 300L, GVAL",4602503000004837171,COMP-005659,4602503000009244225,Head Office,Cost of Goods Sold,Inventory Asset,"GVAL, SS304",15.00,1116.440000,,pcs
341,2025-10-15,,Adjusted,4602503000018422688,quantity,Inventory Revaluation,Restock the qty to issue close the Johor SO,"PART KIT, 300L, DIRECT, CARTON",4602503000000446217,COMP-005628,4602503000009244225,Head Office,Cost of Goods Sold,Inventory Asset,,15.00,376.960000,,Each
341,2025-10-15,,Adjusted,4602503000018422688,quantity,Inventory Revaluation,Restock the qty to issue close the Johor SO,"Summer Solar Collector, CX BlACk, ZnAl",4602503000000447317,COMP-008035,4602503000009244225,Head Office,Cost of Goods Sold,Inventory Asset,,30.00,529.860000,,pcs
355,2025-11-03,,Adjusted,4602503000019135609,quantity,Stocktaking results,,"Kinetico Premier Series MACh 2060F OD, MACrolite",4602503000000445469,11211,4602503000009244225,Head Office,Cost of Goods Sold,Inventory Asset,,2.00,3218.400000,,Each
356,2025-11-10,,Adjusted,4602503000019135641,quantity,Stocktaking results,,"Kinetico Premier Series MACh 2030F OD, MACrolite",4602503000000097478,12662,4602503000009244305,Johor,Cost of Goods Sold,Inventory Asset,,1.00,2693.360000,,Each
362,2025-11-12,,Adjusted,4602503000019272036,quantity,Stocktaking results,,"Kinetico Premier Series MACh 2060F OD, MACrolite",4602503000000445469,11211,4602503000009244225,Head Office,Cost of Goods Sold,Inventory Asset,,2.00,3218.400000,,Each
364,2025-11-14,,Adjusted,4602503000019447431,quantity,Stocktaking results,,"Kinetico Premier Series MACh 2030F OD, MACrolite",4602503000000097478,12662,4602503000009244225,Head Office,Cost of Goods Sold,Inventory Asset,,3.00,2693.360000,,Each
367,2025-10-01,,Adjusted,4602503000019577520,quantity,Stocktaking results,,"Summer Solar Collector, CX BlACk, ZnAl",4602503000000447317,COMP-008035,4602503000009244225,Head Office,Cost of Goods Sold,Inventory Asset,,2.00,529.860000,,pcs
410,2025-12-01,,Adjusted,4602503000020003381,quantity,Stocktaking results,,"Kinetico Premier Series MACh 2030F OD, MACrolite",4602503000000097478,12662,4602503000009244225,Head Office,Cost of Goods Sold,Inventory Asset,,3.00,2693.360000,,Each
416,2025-12-15,,Adjusted,4602503000020235548,quantity,Stocktaking results,,"Kinetico Premier Series MACh 2030F OD, MACrolite",4602503000000097478,12662,4602503000009244225,Head Office,Cost of Goods Sold,Inventory Asset,,1.00,2693.360000,,Each
417,2025-12-15,,Adjusted,4602503000020235578,quantity,Stocktaking results,,"Kinetico Premier Series MACh 2060F OD, MACrolite",4602503000000445469,11211,4602503000009244225,Head Office,Cost of Goods Sold,Inventory Asset,,1.00,3218.400000,,Each
423,2025-12-17,,Adjusted,4602503000020261846,quantity,Stocktaking results,,"Kinetico Premier Series MACh 2030F OD, MACrolite",4602503000000097478,12662,4602503000009244225,Head Office,Cost of Goods Sold,Inventory Asset,,1.00,2693.360000,,Each
425,2025-12-22,,Adjusted,4602503000020579036,quantity,Stocktaking results,,"Kinetico Premier Series MACh 2060F OD, MACrolite",4602503000000445469,11211,4602503000009244225,Head Office,Cost of Goods Sold,Inventory Asset,,2.00,3218.400000,,Each
433,2025-12-26,,Adjusted,4602503000021273667,quantity,Stocktaking results,,Screw M4 x 38MM,4602503000020219535,Sc M4x38MM,4602503000009244225,Head Office,Cost of Goods Sold,Finished Goods,,3240.00,0.000000,,pcs
433,2025-12-26,,Adjusted,4602503000021273667,quantity,Stocktaking results,,TD Screw 2' inch,4602503000002117064,TD-HO650,4602503000009244225,Head Office,Cost of Goods Sold,Inventory Asset,,-10105.00,0.000000,,pcs
433,2025-12-26,,Adjusted,4602503000021273667,quantity,Stocktaking results,,TD Screw 1.5' inch,4602503000002117055,TD-HO640,4602503000009244225,Head Office,Cost of Goods Sold,Inventory Asset,,-2000.00,0.000000,,pcs
433,2025-12-26,,Adjusted,4602503000021273667,quantity,Stocktaking results,,Hex self screw drilling #12 x 1 1/2 ( For Metal ),4602503000020219463,HSC-#11/2(M),4602503000009244225,Head Office,Cost of Goods Sold,Finished Goods,,900.00,0.000000,,pcs
433,2025-12-26,,Adjusted,4602503000021273667,quantity,Stocktaking results,,"Hex self screw drilling #12 x 2"" ( For Metal )",4602503000020219486,HSC-#2(M),4602503000009244225,Head Office,Cost of Goods Sold,Finished Goods,,800.00,0.000000,,pcs
433,2025-12-26,,Adjusted,4602503000021273667,quantity,Stocktaking results,,"Hex Self Screw Drilling #10 x 1"" ( For Metal )",4602503000020219406,"HSC-#1"" (M)",4602503000009244225,Head Office,Cost of Goods Sold,Finished Goods,,2900.00,0.000000,,pcs
433,2025-12-26,,Adjusted,4602503000021273667,quantity,Stocktaking results,,Sleeve Anchor M6 X 1/4 inches (8mm),4602503000002163783,T-461,4602503000009244225,Head Office,Cost of Goods Sold,Inventory Asset,,-546.00,0.000000,,pcs
433,2025-12-26,,Adjusted,4602503000021273667,quantity,Stocktaking results,,"LONG SLEEVE ANCHOR 10MM, 5/16''",4602503000000616533,T-0256,4602503000009244225,Head Office,Cost of Goods Sold,Inventory Asset,,-137.00,0.000000,,Each
433,2025-12-26,,Adjusted,4602503000021273667,quantity,Stocktaking results,,SLEEVE ANCHOR 3/8 M12,4602503000020042250,SA-3/8 M12,4602503000009244225,Head Office,Cost of Goods Sold,Finished Goods,,-60.00,0.000000,,pcs
433,2025-12-26,,Adjusted,4602503000021273667,quantity,Stocktaking results,,"Hex self screw drilling #10 x 1"" ( For Wood )",4602503000010012140,"HSC-#1"" (W)",4602503000009244225,Head Office,Cost of Goods Sold,Finished Goods,,-3534.00,0.000000,,pcs
433,2025-12-26,,Adjusted,4602503000021273667,quantity,Stocktaking results,,"Hex self screw drilling #12 x 1"" ( For Wood )",4602503000020219423,"HSC-#12X1""(W)",4602503000009244225,Head Office,Cost of Goods Sold,Finished Goods,,3346.00,0.000000,,pcs
433,2025-12-26,,Adjusted,4602503000021273667,quantity,Stocktaking results,,Hex self screw drilling #12 x 1 1/2 ( For Wood ),4602503000010012125,HSC-#11/2(W),4602503000009244225,Head Office,Cost of Goods Sold,Finished Goods,,-3873.00,0.000000,,pcs
433,2025-12-26,,Adjusted,4602503000021273667,quantity,Stocktaking results,,"Hex self screw drilling #12 x 2"" ( For Wood )",4602503000010012110,HSC-#2(W),4602503000009244225,Head Office,Cost of Goods Sold,Finished Goods,,-13002.00,0.000000,,pcs
433,2025-12-26,,Adjusted,4602503000021273667,quantity,Stocktaking results,,DS-HO 516 #10 x 5/8,4602503000003336019,M4.8x16,4602503000009244225,Head Office,Cost of Goods Sold,Inventory Asset,,-8744.00,0.000000,,pcs
433,2025-12-26,,Adjusted,4602503000021273667,quantity,Stocktaking results,,"TD Screw 1"" ( For Metal )",4602503000002117046,TD-HO525-M,4602503000009244225,Head Office,Cost of Goods Sold,Inventory Asset,,-3681.00,0.000000,,pcs
433,2025-12-26,,Adjusted,4602503000021273667,quantity,Stocktaking results,,"SOCKET PVC 1""",4602503000000615837,T-0028,4602503000009244225,Head Office,Cost of Goods Sold,Inventory Asset,,174.00,0.200000,,pcs
433,2025-12-26,,Adjusted,4602503000021273667,quantity,Stocktaking results,,Female Adaptor PVC 1'',4602503000002163596,T-438,4602503000009244225,Head Office,Cost of Goods Sold,Inventory Asset,,-292.00,0.000000,,pcs
433,2025-12-26,,Adjusted,4602503000021273667,quantity,Stocktaking results,,"ELBOW PVC 1""",4602503000000619909,T-0151,4602503000009244225,Head Office,Cost of Goods Sold,Inventory Asset,,-40.00,0.000000,,
433,2025-12-26,,Adjusted,4602503000021273667,quantity,Stocktaking results,,"Screw #10 x 1""",4602503000003336041,T17-ET,4602503000009244225,Head Office,Cost of Goods Sold,Inventory Asset,,-7055.00,0.000000,,Each
433,2025-12-26,,Adjusted,4602503000021273667,quantity,Stocktaking results,,L Feet 21# with Bolt M8 x 25 and Nut,4602503000000383333,KS-HK-L21-02,4602503000009244225,Head Office,Cost of Goods Sold,Inventory Asset,,-4665.00,0.000000,,pcs
433,2025-12-26,,Adjusted,4602503000021273667,quantity,Stocktaking results,,MID CLAMP 30MM SLR-MC-30-D ( AL6005-T5 / SUS 304 ),4602503000004890203,SLR-MC-30-D,4602503000009244225,Head Office,Cost of Goods Sold,Inventory Asset,,-13244.00,0.000000,,pcs
433,2025-12-26,,Adjusted,4602503000021273667,quantity,Stocktaking results,,END CLAMP 30MM SLR-EC-30-D ( AL6005-T5 / SUS 304 ),4602503000004890232,SLR-EC-30-D,4602503000009244225,Head Office,Cost of Goods Sold,Inventory Asset,,-7436.00,0.000000,,pcs
433,2025-12-26,,Adjusted,4602503000021273667,quantity,Stocktaking results,,GROUNDING CLIP,4602503000000203171,KS-BR1-GC,4602503000009244225,Head Office,Cost of Goods Sold,Inventory Asset,,3347.00,0.200000,,Each
433,2025-12-26,,Adjusted,4602503000021273667,quantity,Stocktaking results,,KLIPLOCK #32 UNIVERSAL,4602503000005199555,SLR-MRH-32-D,4602503000009244225,Head Office,Cost of Goods Sold,Inventory Asset,,138.00,6.500000,,pcs
433,2025-12-26,,Adjusted,4602503000021273667,quantity,Stocktaking results,,SELF TAPPING SCREW 5.5X32MM,4602503000003020059,ST5.5X32-01,4602503000009244225,Head Office,Cost of Goods Sold,Inventory Asset,,-2231.00,0.000000,,pcs
433,2025-12-26,,Adjusted,4602503000021273667,quantity,Stocktaking results,,FRONT LEG 10 40MM,4602503000003020023,COBE-FE-10-40,4602503000009244225,Head Office,Cost of Goods Sold,Inventory Asset,,-681.00,0.000000,,pcs
433,2025-12-26,,Adjusted,4602503000021273667,quantity,Stocktaking results,,GROUNDING LUG SLR-EK-D ( AL6005-5 / SUS 304 ),4602503000004890261,SLR-EK-D,4602503000009244225,Head Office,Cost of Goods Sold,Inventory Asset,,-538.00,0.000000,,pcs
433,2025-12-26,,Adjusted,4602503000021273667,quantity,Stocktaking results,,Rail Splice,4602503000004890174,SLR-RS-01-L-D,4602503000009244225,Head Office,Cost of Goods Sold,Inventory Asset,,-4935.00,0.000000,,Each
433,2025-12-26,,Adjusted,4602503000021273667,quantity,Stocktaking results,,"AP system Bus Cable 3phase 5c (4mm2, H07,2.4m)",4602503000003410047,SKU-APCUT-02,4602503000009244225,Head Office,Cost of Goods Sold,Finished Goods,,-21.00,0.000000,,pcs
433,2025-12-26,,Adjusted,4602503000021273667,quantity,Stocktaking results,,CABLE MARKER P,4602503000002116929,"OK-EC1,P",4602503000009244225,Head Office,Cost of Goods Sold,Inventory Asset,,378.00,5.500000,,pcs
433,2025-12-26,,Adjusted,4602503000021273667,quantity,Stocktaking results,,CABLE MARKER N,4602503000002116920,"OK-EC1,N",4602503000009244225,Head Office,Cost of Goods Sold,Inventory Asset,,1152.00,5.500000,,pcs
433,2025-12-26,,Adjusted,4602503000021273667,quantity,Stocktaking results,,CABLE MARKER 1,4602503000000549730,"OK-EC1,1",4602503000009244225,Head Office,Cost of Goods Sold,Inventory Asset,,388.00,5.500000,,pcs
433,2025-12-26,,Adjusted,4602503000021273667,quantity,Stocktaking results,,CABLE MARKER 2,4602503000000549741,"OK-EC1,2",4602503000009244225,Head Office,Cost of Goods Sold,Inventory Asset,,578.00,5.500000,,pcs
433,2025-12-26,,Adjusted,4602503000021273667,quantity,Stocktaking results,,CABLE MARKER 3,4602503000000549752,"OK-EC1,3",4602503000009244225,Head Office,Cost of Goods Sold,Inventory Asset,,1620.00,0.000000,,pcs
433,2025-12-26,,Adjusted,4602503000021273667,quantity,Stocktaking results,,CABLE MARKER 4,4602503000000549763,"OK-EC1,4",4602503000009244225,Head Office,Cost of Goods Sold,Inventory Asset,,1910.00,0.000000,,pcs
433,2025-12-26,,Adjusted,4602503000021273667,quantity,Stocktaking results,,CABLE MARKER 0,4602503000000549719,"OK-EC1,0",4602503000009244225,Head Office,Cost of Goods Sold,Inventory Asset,,937.00,5.500000,,pcs
433,2025-12-26,,Adjusted,4602503000021273667,quantity,Stocktaking results,,MASKING TAPE W36MM X L20YDS,4602503000000616514,CSMB-000159,4602503000009244225,Head Office,Cost of Goods Sold,Inventory Asset,,-482.00,0.000000,,Each
433,2025-12-26,,Adjusted,4602503000021273667,quantity,Stocktaking results,,Silicon - Non Alcohol & Acid(White) (VT-226),4602503000000623441,T-405,4602503000009244225,Head Office,Cost of Goods Sold,Inventory Asset,,-223.00,0.000000,,pcs
433,2025-12-26,,Adjusted,4602503000021273667,quantity,Stocktaking results,,Silicon - Non Alcohol & Acid(Black) (792N; Allyseal),4602503000000616503,T-0255,4602503000009244225,Head Office,Cost of Goods Sold,Inventory Asset,,-933.00,0.000000,,pcs
433,2025-12-26,,Adjusted,4602503000021273667,quantity,Stocktaking results,,CABLE TIE 300mm,4602503000000622261,T-0343,4602503000009244225,Head Office,Cost of Goods Sold,Inventory Asset,,19370.00,77.900000,,Each
433,2025-12-26,,Adjusted,4602503000021273667,quantity,Stocktaking results,,"CUTTING DISC 4"" X 1.2MM",4602503000006710219,T-480,4602503000009244225,Head Office,Cost of Goods Sold,Inventory Asset,,-554.00,0.000000,,Each
433,2025-12-26,,Adjusted,4602503000021273667,quantity,Stocktaking results,,"PVC CASING 2"" x 2"" x 6 FT",4602503000002764011,T-478,4602503000009244225,Head Office,Cost of Goods Sold,Inventory Asset,,1.00,0.000000,,pcs
433,2025-12-26,,Adjusted,4602503000021273667,quantity,Stocktaking results,,TERMINAL BLOCK @ CONNECTOR,4602503000000620756,RAWM-000017,4602503000009244225,Head Office,Cost of Goods Sold,Inventory Asset,,-92.00,0.000000,,Each
433,2025-12-26,,Adjusted,4602503000021273667,quantity,Stocktaking results,,3 Phase meter,4602503000000383223,DTM024,4602503000009244225,Head Office,Cost of Goods Sold,Inventory Asset,,-126.00,0.000000,,pcs
433,2025-12-26,,Adjusted,4602503000021273667,quantity,Stocktaking results,,Combiner Box 1 Row 8.5 Ways,4602503000006710210,DB-1R-8.5WAYS,4602503000009244225,Head Office,Cost of Goods Sold,Inventory Asset,,-26.00,0.000000,,Each
433,2025-12-26,,Adjusted,4602503000021273667,quantity,Stocktaking results,,Combiner box 2 row 30 ways (METAL),4602503000000451541,DB-2R-30WAYS-M,4602503000009244225,Head Office,Cost of Goods Sold,Inventory Asset,,14.00,150.000000,,Each
433,2025-12-26,,Adjusted,4602503000021273667,quantity,Stocktaking results,,APsystems Energy Communication Unit R,4602503000002944107,ECU-R,4602503000009244225,Head Office,Cost of Goods Sold,Inventory Asset,,-233.00,0.000000,,pcs
433,2025-12-26,,Adjusted,4602503000021273667,quantity,Stocktaking results,,"AC WIRE, 6mmx100m, GREEN",4602503000006076005,AC-WIRE-6-G,4602503000009244225,Head Office,Cost of Goods Sold,Inventory Asset,,-282.00,0.000000,,pcs
433,2025-12-26,,Adjusted,4602503000021273667,quantity,Stocktaking results,,1000V 4mm^2 solar connector,4602503000002116884,FMC4,4602503000009244225,Head Office,Cost of Goods Sold,Inventory Asset,,-3869.00,0.000000,,pcs
433,2025-12-26,,Adjusted,4602503000021273667,quantity,Stocktaking results,,"APsystems AC Connector (5C,40A,male)",4602503000003410106,SKU-APAC-01,4602503000009244225,Head Office,Cost of Goods Sold,Finished Goods,,-190.00,0.000000,,pcs
433,2025-12-26,,Adjusted,4602503000021273667,quantity,Stocktaking results,,AP SYSTEM BUS CABLE 5C END CAP (TWO SEALS),4602503000003410060,SKU-APBC-03,4602503000009244225,Head Office,Cost of Goods Sold,Finished Goods,,-99.00,0.000000,,pcs
433,2025-12-26,,Adjusted,4602503000021273667,quantity,Stocktaking results,,AC wire 6mmx100m BLACK,4602503000000451508,AC-WIRE-06-B,4602503000009244225,Head Office,Cost of Goods Sold,Inventory Asset,,-443.00,0.000000,,pcs
433,2025-12-26,,Adjusted,4602503000021273667,quantity,Stocktaking results,,"APsystems AC Connector (5C 40A, female)",4602503000006823089,AP-AC-5C40AF,4602503000009244225,Head Office,Cost of Goods Sold,Finished Goods,,-176.00,0.000000,,pcs
433,2025-12-26,,Adjusted,4602503000021273667,quantity,Stocktaking results,,AP SYSTEM BUS CABLE 5 WIRE T-CONN CAP,4602503000003410069,SKU-APBTC-01,4602503000009244225,Head Office,Cost of Goods Sold,Finished Goods,,16.00,4.040000,,pcs
433,2025-12-26,,Adjusted,4602503000021273667,quantity,Stocktaking results,,"AC MCB - 2P, 63A",4602503000000549884,FE7-63-2P,4602503000009244225,Head Office,Cost of Goods Sold,Inventory Asset,,-18.00,0.000000,,pcs
433,2025-12-26,,Adjusted,4602503000021273667,quantity,Stocktaking results,,CABLE LUG X 35MM (M12),4602503000016724023,CL 35MM,4602503000009244225,Head Office,Cost of Goods Sold,Inventory Asset,,12.00,1.000000,,pcs
433,2025-12-26,,Adjusted,4602503000021273667,quantity,Stocktaking results,,"#10 x 3/4"" Hex SDS (HO)(Z/P)(M4.8 x 19)",4602503000003336028,M4.8x19,4602503000009244225,Head Office,Cost of Goods Sold,Inventory Asset,,-4744.00,0.000000,,pcs
434,2025-12-24,,Adjusted,4602503000021322854,quantity,Stocktaking results,,KINETICO BYPASS VALVE,4602503000000449486,T-0271,4602503000009244225,Head Office,Cost of Goods Sold,Inventory Asset,,1.00,0.000000,,Each
435,2025-12-29,,Adjusted,4602503000021330069,quantity,Stocktaking results,,"SOCKET GI 1 """,4602503000004272074,SKU-GS-01,4602503000009244225,Head Office,Cost of Goods Sold,Inventory Asset,,1.00,1.500000,,pcs
435,2025-12-29,,Adjusted,4602503000021330069,quantity,Stocktaking results,,"Elbow GI 1""",4602503000004272005,SKU-GE-01,4602503000009244225,Head Office,Cost of Goods Sold,Inventory Asset,,2.00,2.900000,,pcs
435,2025-12-29,,Adjusted,4602503000021330069,quantity,Stocktaking results,,Flashing Tape - VT422 - 3 inches,4602503000002116947,VT-440,4602503000009244225,Head Office,Cost of Goods Sold,Inventory Asset,,-50.00,0.000000,,Each
435,2025-12-29,,Adjusted,4602503000021330069,quantity,Stocktaking results,,PVC pipe clip 1 inch,4602503000005874386,SKU-PPC-01,4602503000009244225,Head Office,Cost of Goods Sold,Inventory Asset,,-20.00,0.000000,,pcs
435,2025-12-29,,Adjusted,4602503000021330069,quantity,Stocktaking results,,TILE HOOK #03-SLR-CTH-03 ( AL6005-T5 / SUS 304 ) - LANDSCAPE,4602503000004890373,SLR-CTH-03,4602503000009244225,Head Office,Cost of Goods Sold,Inventory Asset,,611.00,1.000000,,pcs
435,2025-12-29,,Adjusted,4602503000021330069,quantity,Stocktaking results,,Washer #10 S/S304 Bonded,4602503000003336050,10-SS304,4602503000009244225,Head Office,Cost of Goods Sold,Inventory Asset,,-9400.00,0.000000,,Each
435,2025-12-29,,Adjusted,4602503000021330069,quantity,Stocktaking results,,KLIP-LOK 700 Roof Hook (L-Type),4602503000004179105,KL-01,4602503000009244225,Head Office,Cost of Goods Sold,Inventory Asset,,-5150.00,0.000000,,pcs
435,2025-12-29,,Adjusted,4602503000021330069,quantity,Stocktaking results,,T NUT WITH BOLT M8 X 25MM ( AL6005-T5 / SUS 304 ),4602503000004890346,SLR-BN-25-D,4602503000009244225,Head Office,Cost of Goods Sold,Inventory Asset,,-2673.00,0.000000,,pcs
435,2025-12-29,,Adjusted,4602503000021330069,quantity,Stocktaking results,,TILE HOOK #01-SLR-CTH-01 ( AL6005-5 / SUS 304 ) - POTRAIT,4602503000004890317,SLR-CTH-01,4602503000009244225,Head Office,Cost of Goods Sold,Inventory Asset,,-5945.00,0.000000,,pcs
435,2025-12-29,,Adjusted,4602503000021330069,quantity,Stocktaking results,,Standing Seam Base Grip S5 Clamp,4602503000002117037,SLR-MRH-S5-D,4602503000009244225,Head Office,Cost of Goods Sold,Inventory Asset,,-24.00,0.000000,,Each
435,2025-12-29,,Adjusted,4602503000021330069,quantity,Stocktaking results,,PV MODULE CABLE CLIP,4602503000003020077,XJ-AZ,4602503000009244225,Head Office,Cost of Goods Sold,Inventory Asset,,-353.00,0.000000,,pcs
435,2025-12-29,,Adjusted,4602503000021330069,quantity,Stocktaking results,,MIDDLE BALLASTED TRAY,4602503000005352077,SLR-BS-MBP-XLM-01,4602503000009244225,Head Office,Cost of Goods Sold,Inventory Asset,,-134.00,0.000000,,Each
435,2025-12-29,,Adjusted,4602503000021330069,quantity,Stocktaking results,,CABLE MARKER 5,4602503000000549774,"OK-EC1,5",4602503000009244225,Head Office,Cost of Goods Sold,Inventory Asset,,-300.00,0.000000,,Each
435,2025-12-29,,Adjusted,4602503000021330069,quantity,Stocktaking results,,CABLE MARKER 6,4602503000000549785,"OK-EC1,6",4602503000009244225,Head Office,Cost of Goods Sold,Inventory Asset,,-400.00,0.000000,,Each
435,2025-12-29,,Adjusted,4602503000021330069,quantity,Stocktaking results,,CABLE MARKER 7,4602503000000549796,"OK-EC1,7",4602503000009244225,Head Office,Cost of Goods Sold,Inventory Asset,,-405.00,0.000000,,Each
435,2025-12-29,,Adjusted,4602503000021330069,quantity,Stocktaking results,,CABLE MARKER 8,4602503000000549807,"OK-EC1,8",4602503000009244225,Head Office,Cost of Goods Sold,Inventory Asset,,-398.00,0.000000,,Each
435,2025-12-29,,Adjusted,4602503000021330069,quantity,Stocktaking results,,CABLE MARKER 9,4602503000000549818,"OK-EC1,9",4602503000009244225,Head Office,Cost of Goods Sold,Inventory Asset,,-209.00,0.000000,,Each
435,2025-12-29,,Adjusted,4602503000021330069,quantity,Stocktaking results,,"STRETCH FILM-PLASTIC, W500MM X 2.0KGS",4602503000012583025,PKG-000011,4602503000009244225,Head Office,Cost of Goods Sold,Inventory Asset,,-25.00,0.000000,,
435,2025-12-29,,Adjusted,4602503000021330069,quantity,Stocktaking results,,"GRINDING DISC 4""",4602503000000622202,T-338,4602503000009244225,Head Office,Cost of Goods Sold,Inventory Asset,,-9.00,0.000000,,Each
435,2025-12-29,,Adjusted,4602503000021330069,quantity,Stocktaking results,,Kobelco RB26 welding electrode 2.6mm,4602503000007705058,K-RB26-01,4602503000009244225,Head Office,Cost of Goods Sold,Finished Goods,,-20.00,0.000000,,kg
435,2025-12-29,,Adjusted,4602503000021330069,quantity,Stocktaking results,,"SOCKET PVC 3/4""",4602503000000615782,T-0023,4602503000009244225,Head Office,Cost of Goods Sold,Inventory Asset,,10.00,0.000000,,Each
435,2025-12-29,,Adjusted,4602503000021330069,quantity,Stocktaking results,,"SOCKET PVC 1/2""",4602503000000615793,T-0024,4602503000009244225,Head Office,Cost of Goods Sold,Inventory Asset,,150.00,0.000000,,Each
435,2025-12-29,,Adjusted,4602503000021330069,quantity,Stocktaking results,,Combiner Box - 1 Row 12.5way,4602503000004024136,SKU-Box-01,4602503000009244225,Head Office,Cost of Goods Sold,Inventory Asset,,-84.00,0.000000,,pcs
435,2025-12-29,,Adjusted,4602503000021330069,quantity,Stocktaking results,,"Energy Meter -2P,220V",4602503000000383234,DDM15SD,4602503000009244225,Head Office,Cost of Goods Sold,Inventory Asset,,-38.00,0.000000,,pcs
435,2025-12-29,,Adjusted,4602503000021330069,quantity,Stocktaking results,,Circuit Breaker 30mA/63A 4P RCD Type A,4602503000017843230,30mA/63A 4P,4602503000009244225,Head Office,Cost of Goods Sold,Finished Goods,,-3.00,0.000000,,Unit
435,2025-12-29,,Adjusted,4602503000021330069,quantity,Stocktaking results,,"AC Connector (3core, two seals, female)",4602503000003673056,SKU-APAC-03,4602503000009244225,Head Office,Cost of Goods Sold,Inventory Asset,,-203.00,0.000000,,pcs
435,2025-12-29,,Adjusted,4602503000021330069,quantity,Stocktaking results,,"AC Connector (3core, two seals, male)",4602503000003673047,SKU-APAC-02,4602503000009244225,Head Office,Cost of Goods Sold,Inventory Asset,,-217.00,0.000000,,pcs
435,2025-12-29,,Adjusted,4602503000021330069,quantity,Stocktaking results,,EXTENSION BRACKET T3MM X W30MM X H120MM PV,4602503000019113077,SMFG-000412,4602503000009244225,Head Office,Cost of Goods Sold,Finished Goods,,-1055.00,0.000000,,Unit
436,2025-12-24,,Adjusted,4602503000021340239,quantity,Stocktaking results,,"SOLENOID,BI-STABLE,6VDC",4602503000000616280,12104A,4602503000009244225,Head Office,Cost of Goods Sold,Inventory Asset,,2.00,368.000000,,Each
437,2025-12-24,,Adjusted,4602503000021340265,quantity,Stocktaking results,,"KINETICO SMART START - TIMER CIRCUIT, LVL 1 W/COATING",4602503000000447119,12142,4602503000009244225,Head Office,Cost of Goods Sold,Inventory Asset,,2.00,866.070000,,Each
438,2025-12-24,,Adjusted,4602503000021340291,quantity,Stocktaking results,,"KINETICO SMART START - TIMER CIRCUIT, LVL 1 W/COATING",4602503000000447119,12142,4602503000009244225,Head Office,Cost of Goods Sold,Inventory Asset,,1.00,866.070000,,Each
439,2025-12-24,,Adjusted,4602503000021340317,quantity,Stocktaking results,,"KINETICO SMART START - TIMER CIRCUIT, LVL 1 W/COATING",4602503000000447119,12142,4602503000009244225,Head Office,Cost of Goods Sold,Inventory Asset,,2.00,866.070000,,Each
440,2025-12-29,,Adjusted,4602503000021394001,quantity,Stocktaking results,,"KINETICO DISTRIBUTOR TUBES - 7X35 UI KI, 2030",4602503000000446998,16810,4602503000009244225,Head Office,Cost of Goods Sold,Inventory Asset,,2.00,19.170000,,Each
441,2025-12-29,,Adjusted,4602503000021394027,quantity,Stocktaking results,,"KINETICO DISTRIBUTOR TUBES - 8X40 UI KI, 2060",4602503000000447009,13439,4602503000009244225,Head Office,Cost of Goods Sold,Inventory Asset,,4.00,92.910000,,Each
443,2025-12-31,,Adjusted,4602503000021502406,quantity,Stocktaking results,,KINETICO CARTRIDGE K5/A200 MAC T&O (12673),4602503000000448439,9306B,4602503000009244225,Head Office,Cost of Goods Sold,Inventory Asset,,12.00,100.630000,,Each
444,2025-12-31,,Adjusted,4602503000021502432,quantity,Stocktaking results,,KINETICO CARTRIDGE K5/A200 PREFILTER HIGH CAP CARBON(9462A),4602503000000448219,9461A,4602503000009244225,Head Office,Cost of Goods Sold,Inventory Asset,,14.00,91.400000,,Each
445,2026-01-07,,Adjusted,4602503000021647063,quantity,Stocktaking results,,FLEXIBLE CONDUIT - 20MM - BLACK,4602503000021647046,FLX-CON-20MM-B,4602503000009244225,Head Office,Cost of Goods Sold,Finished Goods,,2.00,13.000000,,Roll
446,2026-01-05,,Adjusted,4602503000021647290,quantity,Stocktaking results,,MANIFOLD GX - 30,4602503000000617330,S-COMP-000150,4602503000009244225,Head Office,Cost of Goods Sold,Inventory Asset,,1.00,0.000000,,Each
447,2026-01-05,,Adjusted,4602503000021647314,quantity,Stocktaking results,,EVACUATED TUBE GX - S,4602503000000617297,S-COMP-000147,4602503000009244225,Head Office,Cost of Goods Sold,Inventory Asset,,10.00,0.000000,,Each
448,2026-01-09,,Adjusted,4602503000021657438,quantity,Buy Back and Merge with Other product,,Meru MP90 HCM Wrapped Basic,4602503000000194052,COMP-007225,4602503000009244225,Head Office,Cost of Goods Sold,Inventory Asset,CABLE WIRE: 2.5MM2 X L1500MM,-1.00,0.000000,,Each
449,2026-01-09,,Adjusted,4602503000021657467,quantity,Buy Back and Merge with Other product,,Meru MP90 HCM Wrapped CEV,4602503000000097874,COMP-007219,4602503000009244225,Head Office,Cost of Goods Sold,Inventory Asset,,1.00,452.050000,,Each
450,2026-01-08,,Adjusted,4602503000021736722,quantity,Stocktaking results,,"SUMMER SOLAR COLLECTOR, TITANIUM, HALF CARTON",4602503000013660478,COMP-008045,4602503000009244305,Johor,Cost of Goods Sold,Finished Goods,,2.00,675.600000,,Each
451,2026-01-08,,Adjusted,4602503000021757466,quantity,Stocktaking results,,"SUMMER SOLAR WATER HEATER TANK, 300L, GVAL",4602503000004837171,COMP-005659,4602503000009244305,Johor,Cost of Goods Sold,Inventory Asset,"GVAL, SS304",1.00,1116.440000,,pcs
452,2026-01-12,,Adjusted,4602503000021838924,quantity,Stocktaking results,,"EXPANSION VALVE - 700KPA X 1/2"", BSP (with lever)",4602503000017150021,PART-000042,4602503000009244225,Head Office,Cost of Goods Sold,Inventory Asset,,50.00,17.550000,,
453,2026-01-12,,Adjusted,4602503000021853022,quantity,Stocktaking results,,"SUMMER RED GLYCOL, 5L",4602503000000449772,SMFG-000150,4602503000009244225,Head Office,Cost of Goods Sold,Inventory Asset,,2.00,48.040000,,Each
454,2026-01-12,,Adjusted,4602503000021853046,quantity,Stocktaking results,,"SUMMER RED GLYCOL, 5L",4602503000000449772,SMFG-000150,4602503000009244225,Head Office,Cost of Goods Sold,Inventory Asset,,2.00,48.040000,,Each
455,2026-01-12,,Adjusted,4602503000021853094,quantity,Stocktaking results,,KINETICO CARTRIDGE K5/A200 PREFILTER HIGH CAP CARBON(9462A),4602503000000448219,9461A,4602503000009244225,Head Office,Cost of Goods Sold,Inventory Asset,,37.00,91.400000,,Each
456,2026-01-12,,Adjusted,4602503000021853118,quantity,Stocktaking results,,KINETICO CARTRIDGE K5/A200 MAC T&O (12673),4602503000000448439,9306B,4602503000009244225,Head Office,Cost of Goods Sold,Inventory Asset,,39.00,100.630000,,Each
457,2026-01-15,,Adjusted,4602503000021871866,quantity,Stocktaking results,,BRACKET - PV BATTERY L500MM X W240MM X H300MM WALL,4602503000020391748,LTFG-000602,4602503000009244225,Head Office,Cost of Goods Sold,Finished Goods,,2.00,108.000000,,Unit
459,2026-01-02,,Adjusted,4602503000021992053,quantity,Stock Written off,,"COLLECTOR OLIVE â€“ BRASS, 3/4â€, THREADED",4602503000013204009,PART-000229,4602503000009244225,Head Office,Cost of Goods Sold,Inventory Asset,,-530.00,0.000000,,Each
461,2025-11-28,,Adjusted,4602503000021992773,quantity,Stocktaking results,,Meru MP55 HCM Wrapped PTV,4602503000000161056,COMP-006475,4602503000009244225,Head Office,Cost of Goods Sold,Inventory Asset,,1.00,429.050000,,Each
462,2025-11-28,,Adjusted,4602503000021992799,quantity,Stock Written off,,Meru MP55 HCM Wrapped PTV,4602503000000161056,COMP-006475,4602503000009244225,Head Office,Cost of Goods Sold,Inventory Asset,,-1.00,0.000000,,Each
463,2026-01-02,,Adjusted,4602503000021992951,quantity,Stocktaking results,,"THEOSTAT ECO, 240VAC, 50HZ, 30A, 60C70C, 95C",4602503000000620778,RAWM-000016,4602503000009244225,Head Office,Cost of Goods Sold,Inventory Asset,,20.00,32.990000,,Each
464,2026-01-26,,Adjusted,4602503000022254837,quantity,Stocktaking results,,"Kinetico Premier Series MACh 2060F OD, MACrolite",4602503000000445469,11211,4602503000009244225,Head Office,Cost of Goods Sold,Inventory Asset,,2.00,3218.400000,,Each
465,2026-01-26,,Adjusted,4602503000022254865,quantity,Stocktaking results,,KINETICO BYPASS VALVE,4602503000000449486,T-0271,4602503000009244225,Head Office,Cost of Goods Sold,Inventory Asset,,20.00,0.000000,,Each
466,2025-12-31,,Adjusted,4602503000022277001,quantity,Stock Written off,,Solar Collector SUMMER - TX,4602503000012414023,COMP-S-000014,4602503000009244225,Head Office,Cost of Goods Sold,Inventory Asset,,-6.00,0.000000,,Each
467,2025-12-31,,Adjusted,4602503000022277043,quantity,Stock Written off,,"SUMMER SOLAR COLLECTOR, TITANIUM, CARTON",4602503000012414119,COMP-008046,4602503000009244225,Head Office,Cost of Goods Sold,Inventory Asset,,-3.00,0.000000,,Each
468,2025-12-31,,Adjusted,4602503000022344970,quantity,Stocktaking results,,"SUMMER SOLAR COLLECTOR, TITANIUM, HALF CARTON",4602503000013660478,COMP-008045,4602503000009244225,Head Office,Cost of Goods Sold,Finished Goods,,1.00,675.600000,,Each
469,2025-12-31,,Adjusted,4602503000022345000,quantity,Stocktaking results,,"SUMMER SOLAR COLLECTOR, TITANIUM, HALF CARTON",4602503000013660478,COMP-008045,4602503000009244305,Johor,Cost of Goods Sold,Finished Goods,,2.00,675.600000,,Each
