Layout ID,Layout Name,Record ID,Created Time,Last Modified Time,CF.RFQ,CF.Status,CF.Required Date,CF.Reason for Purchase,CF.Usage,CF.Requestor,CF.RFQ Date,CF.Vendor,CF.Delivery Address,CF.Purchase Order,CF.Additional Notes (if any),CF.Purchase Query (if any)
4602503000020500309,Standard,4602503000020551058,2025-12-24 09:28:46,2025-12-24 10:36:18,RFQ-1,Approved,2025-12-24,"Sending Summer Solar System to Eng Han Enginnering Sdn Bhd. 
",Solar Heater Installation ,Cham/Fatin,2025-12-24,USAHA SAMA ENTERPRISE,"22 Quartz @ Shah Alam
Plot 1. Lot 98514, Jln Padi U12/41,
Seksyen U12, 40170 Shah Alam, Sel
",PO-1946,,
4602503000020500309,Standard,4602503000020551670,2025-12-24 11:44:59,2025-12-24 12:23:09,RFQ-2,Approved,2026-01-05,SWH Installation at Country Heights Dsara for Pembinaan TLT Sdn Bhd (BC-2676),Solar Water Heater System,Cham,2025-12-24,WATER CARE INDUSTRIES SDN BHD,HQ,PO-1947,,
4602503000020500309,Standard,4602503000021322670,2025-12-29 12:02:29,2025-12-30 09:59:08,RFQ-3,Approved,2026-01-02,For PV Installation for next week onward,PV INSTALLATION,Cham,2025-12-29,Winstar Solar Sdn Bhd,HQ,PO-1955,,
4602503000020500309,Standard,4602503000021340001,2025-12-30 09:07:27,2025-12-30 11:22:18,RFQ-4,Approved,2026-01-06,Bracket Stand For PV Battery,PV Battery,Cham,2026-01-06,WATER CARE INDUSTRIES SDN BHD,HQ,PO-1956,,
4602503000020500309,Standard,4602503000021340567,2025-12-30 11:08:25,2025-12-30 11:23:57,RFQ-5,Approved,2025-12-30,Water Hippos Sdn Bhd (PO-00739) and SSS Stock,Meru Water Heater ,Cham/WH,2026-01-02,WATER CARE INDUSTRIES SDN BHD,HQ,PO-1957,,
4602503000020500309,Standard,4602503000021354149,2025-12-30 12:26:52,2025-12-31 13:48:12,RFQ-6,Approved,2026-01-02,PV Installation  ,PV Installation  ,Cham /Iqmal,2025-12-30,HING YE CRANE SERVICE,"Lot PT 41216, Jln Fauna 1, Bdr Rimbayu, Telok Panglima Garang, 42500 P. Jaya, Sel",PO-1959,,
4602503000020500309,Standard,4602503000021394823,2025-12-31 10:19:06,2025-12-31 13:48:30,RFQ-7,Approved,2026-01-06,For Dealers - Mega Seven Sdn Bhd,To Carton Solar System,Cham,2025-12-31,WATER CARE INDUSTRIES SDN BHD,HQ,PO-1960,,
4602503000020500309,Standard,4602503000021552615,2026-01-06 08:58:26,2026-01-06 09:07:51,RFQ-9,Approved,2026-01-06,"For all hybrid + BESS installation
Urgent Request",FOR HYBRID SYSTEM INSTALLATION,Cham,2026-01-06,Joo Ming Electrical Sdn Bhd,HQ ,PO-1965,,
4602503000020500309,Standard,4602503000021552138,2026-01-06 08:03:26,2026-01-06 09:13:14,RFQ-8,Approved,2026-01-07,"Water Hippos Sdn Bhd (PO-00740)
Sending their stock to Penang Office",Sending Stock to Penang Office,Cham/WH,2026-01-06,USAHA SAMA ENTERPRISE,"19-G, Jalan Vervea 12,
Aspen Vision City, Bandar Cassia, 14110 Batu Kawan, Pulau Pinang
PIC : Zul (011-3936 9225)",PO-1966,,
4602503000020500309,Standard,4602503000021579001,2026-01-06 10:25:27,2026-01-06 11:45:16,RFQ-10,Approved,2026-01-08,Water Hippos Sdn Bhd (PO-00742),To convert Meru Water Heaters,Cham/WH,2026-01-06,WATER CARE INDUSTRIES SDN BHD,HQ,PO-1967,,
4602503000020500309,Standard,4602503000021579962,2026-01-06 14:32:34,2026-01-07 10:07:17,RFQ-11,Approved,2026-01-09,For Dealers - BWS Sales & Services Sdn Bhd (PO-06929),To Carton Solar System,Cham,2026-01-06,WATER CARE INDUSTRIES SDN BHD,HQ,PO-1968,,
4602503000020500309,Standard,4602503000021544393,2026-01-06 14:34:48,2026-01-07 10:07:18,RFQ-12,Approved,2026-01-07,IJM solar pv project installation,IJM solar pv project installation,iqmal,2026-01-06,HING YE CRANE SERVICE,"Phase 21, Lorong Fauna 2, Bandar Rimbayu, Teluk Panglima Garang",PO-1969,,
4602503000020500309,Standard,4602503000021585657,2026-01-06 17:28:23,2026-01-07 10:07:42,RFQ-13,Approved,2026-01-07,"Dismantle old Solar System and 
PV Installation  ",PV Installation  ,Cham /Iqmal,2026-01-06,HING YE CRANE SERVICE,"12A, Jalan Daun 8, Sunway SPK Damansara, 52200 K. L",PO-1970,,
4602503000020500309,Standard,4602503000021613030,2026-01-07 10:02:58,2026-01-07 15:16:30,RFQ-14,Approved,2026-01-08,PV INSTALLATION,PV Installation,Cham,2026-01-07,Winstar Solar Sdn Bhd,HQ,PO-1971,,
4602503000020500309,Standard,4602503000021613512,2026-01-07 15:50:41,2026-01-07 16:22:42,RFQ-15,Approved,2026-01-08,SWH Installation,Solar Water System ,Cham,2026-01-07,WATER CARE INDUSTRIES SDN BHD,HQ,PO-1972,,
4602503000020500309,Standard,4602503000021652002,2026-01-08 08:52:24,2026-01-08 11:21:21,RFQ-17,Approved,2026-01-09,STOCK REPLENISHMENT for Project Site,SWH Installation,Cham,2026-01-08,Purchase Trigger,HQ,PO-1973,,
4602503000020500309,Standard,4602503000021652043,2026-01-08 10:38:08,2026-01-08 11:31:21,RFQ-19,Approved,2026-01-12,"Water Hippos Sdn Bhd (PO-00747)
and SSS Stock",STOCK REPLENISHMENT,Cham/WH,2026-01-08,WATER CARE INDUSTRIES SDN BHD,HQ,PO-1974,,
4602503000020500309,Standard,4602503000021654002,2026-01-08 09:20:14,2026-01-08 11:31:41,RFQ-18,Approved,2026-01-08,Solar pv installation,hoist material to roof,Iqmal,2026-01-08,KENG GUAN SKYLIFT SDN. BHD.,"41, JALAN 3/128A, TAMAN GEMBIRA, KUALA LUMPUR",PO-1975,,
4602503000020500309,Standard,4602503000021613533,2026-01-07 16:00:26,2026-01-08 12:32:29,RFQ-16,Approved,2026-01-09,PV INSTALLATION,PV Installation ,Cham,2026-01-07,Purchase Trigger,HQ,PO-1976,,
4602503000020500309,Standard,4602503000021647243,2026-01-09 09:38:04,2026-01-09 11:11:54,RFQ-22,Approved,2026-02-09,"SWH Project for Wai Choy Construction Sdb Bhd, Horizon Hills, Johor
(PD-000142)",SWH Installation,Cham/Iqmal,2026-01-09,WATER CARE INDUSTRIES SDN BHD,HQ,PO-1977,,
4602503000020500309,Standard,4602503000021652203,2026-01-08 16:55:59,2026-01-09 11:12:20,RFQ-21,Approved,2026-01-23,SWH Project for Eng Han Engineering Sdn Bhd (PD-1480),SWH Installation,Cham/Iqmal,2026-01-08,WATER CARE INDUSTRIES SDN BHD,HQ,PO-1978,,
4602503000020500309,Standard,4602503000021652154,2026-01-08 16:46:08,2026-01-09 11:12:21,RFQ-20,Approved,2026-01-12,"Sending Summer Solar System to Atlantis C & E Sdn Bhd (Johor) 
",Solar Heater Installation ,Cham/Fatin,2026-01-08,USAHA SAMA ENTERPRISE,"Fasa 1, Taman Bukit Suria, 
Iskandar Puteri, Johor",PO-1979,,
4602503000020500309,Standard,4602503000021647838,2026-01-09 12:37:20,2026-01-09 14:15:12,RFQ-24,Approved,2026-01-16,Bracket Stand For PV Battery,PV Battery,Cham,2026-01-09,WATER CARE INDUSTRIES SDN BHD,HQ,PO-1956,,
4602503000020500309,Standard,4602503000021647465,2026-01-09 10:53:34,2026-01-09 14:15:13,RFQ-23,Approved,2026-01-13,Replenish for Stock for next week onward,PV Installation ,Cham,2026-01-09,Purchase Trigger,HQ,PO-1980,,
4602503000020500309,Standard,4602503000021736021,2026-01-12 09:34:58,2026-01-12 14:35:32,RFQ-27,Approved,2026-01-13,STOCK REPLENISHMENT,PV Installation ,,2026-01-12,Purchase Trigger,HQ,PO-1981,,
4602503000020500309,Standard,4602503000021757926,2026-01-12 16:33:18,2026-01-12 17:42:36,RFQ-28,Approved,2026-02-10,"Artisan Alliance Sdn Bhd (PO-SOLAR012-25(M6))
Project at M6, Cheras",Delivery of Water Heaters,Cham/Olivia,2026-01-12,WATER CARE INDUSTRIES SDN BHD,HQ,PO-1982,,
4602503000020500309,Standard,4602503000021757976,2026-01-12 16:52:40,2026-01-13 09:14:38,RFQ-30,Approved,2026-01-30,SWH Project for Eng Han Engineering Sdn Bhd (PD-1480),SWH Installation,Cham/Iqmal,2026-01-12,WATER CARE INDUSTRIES SDN BHD,HQ,PO-1986,,
4602503000020500309,Standard,4602503000021757949,2026-01-12 16:43:21,2026-01-13 09:15:33,RFQ-29,Approved,2026-01-12,"SWH Installation For Atlantis C&E Sdn Bhd at Tmn Bkt Suria, Iskandar Puteri, Johor",SWH Installation ,Cham,2026-01-12,WATER CARE INDUSTRIES SDN BHD,HQ,PO-1987,,
4602503000020500309,Standard,4602503000021781245,2026-01-13 08:29:24,2026-01-13 09:29:56,RFQ-31,Approved,2026-01-29,BWS Sales & Services Sdn Bhd (PO-06967) ,Meru Storage Heaters,Cham,2026-01-13,WATER CARE INDUSTRIES SDN BHD,HQ,PO-1989,,
4602503000020500309,Standard,4602503000021781749,2026-01-13 12:01:01,2026-01-13 12:47:06,RFQ-34,Approved,2026-01-02,For PV Installation ,PV INSTALLATION,Cham,2025-12-29,Winstar Solar Sdn Bhd,HQ,PO-1991,,
4602503000020500309,Standard,4602503000021803432,2026-01-13 16:19:50,2026-01-14 10:08:35,RFQ-35,Approved,2026-02-02,STOCK REPLENISHMENT,SWH Installation,Cham,2026-01-13,WATER CARE INDUSTRIES SDN BHD,HQ,PO-1993,,
4602503000020500309,Standard,4602503000021803500,2026-01-13 17:04:14,2026-01-14 10:08:40,RFQ-36,Approved,2026-01-14,STOCK REPLENISHMENT,Storage Heaters,Cham,2026-01-13,WATER CARE INDUSTRIES SDN BHD,HQ,PO-1994,,
4602503000020500309,Standard,4602503000021802411,2026-01-14 08:08:14,2026-01-14 10:47:40,RFQ-37,Approved,2026-01-16,Water Hippos Sdn Bhd (PO-00751),SWH Installation ,Cham/WH,2026-01-14,WATER CARE INDUSTRIES SDN BHD,HQ,PO-1995,,
4602503000020500309,Standard,4602503000021802714,2026-01-14 10:09:24,2026-01-14 10:47:57,RFQ-38,Approved,2026-01-19,Bracket Stand For PV Battery,PV Battery,Cham,2026-01-14,WATER CARE INDUSTRIES SDN BHD,HQ,PO-1996,,
4602503000020500309,Standard,4602503000021802737,2026-01-14 10:23:43,2026-01-14 10:48:40,RFQ-39,Approved,2026-01-15,"SWH Installation for Chua You Bhoey 
(BC-1901)",SWH Installation ,Cham,2026-01-14,HING YE CRANE SERVICE,"73, Jalan UP 3/1, Ukay Perdana,
68000 Ampang, Sel",PO-1997,,
4602503000020500309,Standard,4602503000021781637,2026-01-13 10:37:46,2026-01-14 11:00:16,RFQ-32,Approved,2026-01-19,Water Hippos Sdn Bhd (PO-00749),To Re-DO QC,Cham/WH,2026-01-13,WATER CARE INDUSTRIES SDN BHD,HQ,PO-1998,,
4602503000020500309,Standard,4602503000021781670,2026-01-13 10:43:42,2026-01-14 11:00:52,RFQ-33,Approved,2026-01-16,Water Hippos Sdn Bhd (PO-00750),Stocks,Cham/WH,2026-01-13,WATER CARE INDUSTRIES SDN BHD,HQ,PO-1999,,
4602503000020500309,Standard,4602503000021654172,2026-01-09 17:20:41,2026-01-14 17:26:44,RFQ-25,Approved,2026-01-12,IJM solar pv installation,hoist material to roof,Iqmal,2026-01-12,HING YE CRANE SERVICE,"Phase 21, Lorong Fauna 2, Bandar Rimbayu, Teluk Panglima Garang",PO-2001,,
4602503000020500309,Standard,4602503000021654193,2026-01-09 17:27:25,2026-01-14 17:27:06,RFQ-26,Approved,2026-01-10,ijm material delivery,material delivery,iqmal,2026-01-10,USAHA SAMA ENTERPRISE,"Phase 21, Lorong Fauna 2, Bandar Rimbayu, Teluk Panglima Garang",PO-2002,,
4602503000020500309,Standard,4602503000021839626,2026-01-15 11:42:57,2026-01-15 11:52:45,RFQ-46,Approved,2026-01-16,"For PD-1634 - Selangor Freight
Site at Port Klang, Sel (Bay Project)",PV Installation,Cham/Fatin,2026-01-15,Purchase Trigger,HQ,PO-2005,,
4602503000020500309,Standard,4602503000021838590,2026-01-14 14:51:57,2026-01-16 09:44:41,RFQ-42,Approved,2026-01-16,"STOCK REPLENISHMENT
Note : Sept 25 purchased Black Silicon",Solar & PV Installation ,Cham,2026-01-14,Chojin (M) Sdn Bhd,HQ,PO-2006,,
4602503000020500309,Standard,4602503000021875760,2026-01-15 17:13:07,2026-01-16 10:34:09,RFQ-47,Approved,2026-01-23,Water Hippos Sdn Bhd (PO-00735),SWH Installation ,Cham/WH,2026-01-15,WATER CARE INDUSTRIES SDN BHD,HQ,PO-2007,,
4602503000020500309,Standard,4602503000021907045,2026-01-16 10:47:06,2026-01-16 10:49:16,RFQ-48,Approved,2026-01-16,"Sunway Marketing Sdn Bhd 
For Replacement 
",SWH,Cham/Olivia,2026-01-16,WATER CARE INDUSTRIES SDN BHD,HW,PO-2008,,
4602503000020500309,Standard,4602503000021907095,2026-01-16 11:13:25,2026-01-16 11:31:21,RFQ-50,Approved,2026-01-22,Mega Seven Sdn Bhd (PO-2601/001),SWH Installation,Cham,2026-01-16,WATER CARE INDUSTRIES SDN BHD,HQ,PO-2009,,
4602503000020500309,Standard,4602503000021839560,2026-01-15 11:25:05,2026-01-16 12:09:52,RFQ-44,Approved,2026-01-21,STOCK REPLENISHMENT,PV Installation ,Cham,2026-01-21,Commando Plastic Marketing,HQ,PO-2010,,
4602503000020500309,Standard,4602503000021907233,2026-01-16 12:40:21,2026-01-16 14:27:19,RFQ-51,Approved,2026-01-20,STOCK REPLENISHMENT,Solar & Heater,Cham,2026-01-16,WATER CARE INDUSTRIES SDN BHD,HQ,PO-2011,,
4602503000020500309,Standard,4602503000021927001,2026-01-16 18:09:37,2026-01-16 18:32:10,RFQ-53,Approved,2026-01-31,FOR IJM - SOLAR PV INSTALLATION (PROJECT),,FATIN,2026-01-16,"Hoymiles Import and Export Trading Co., Ltd.",,PO-2012,,
4602503000020500309,Standard,4602503000021992026,2026-01-19 09:11:10,2026-01-19 10:52:13,RFQ-54,Approved,2026-01-20,For BWS Sales & JB Office,To Carton Solar System,Cham,2026-01-19,WATER CARE INDUSTRIES SDN BHD,HQ,PO-2013,,
4602503000020500309,Standard,4602503000021992077,2026-01-19 09:20:11,2026-01-19 10:52:40,RFQ-55,Approved,2026-01-19,"For Replacement at Project Site at Setia Alam, Shah Alam, Selangor under Hwa Hwee Construction",Solar Water Heaters,Cham,2026-01-19,WATER CARE INDUSTRIES SDN BHD,HQ,PO-2014,,
4602503000020500309,Standard,4602503000021907332,2026-01-16 14:45:41,2026-01-19 11:15:04,RFQ-52,Approved,2026-01-26,ijm dongle 12kw,pv ,IQMAL,2026-01-16,Syarikat Logam Unitrade Sdn Bhd,,PO-2015,,
4602503000020500309,Standard,4602503000021992204,2026-01-19 14:04:20,2026-01-19 14:44:29,RFQ-58,Approved,2026-01-21,Sending Solar Hot Water System to JB Office,SWH for Installation ,Cham,2026-01-19,USAHA SAMA ENTERPRISE,"59, Jalan Bistari 16, Taman Industri Jaya, 81300 Skudai, Johor Bahru
",PO-2017,,
4602503000020500309,Standard,4602503000021992173,2026-01-19 12:24:26,2026-01-19 15:29:56,RFQ-57,Approved,2026-01-21,For Kinetico Hydrus Spare Parts,Kinetico Hydrus Filter System,Cham/Ted,2026-01-19,KINETICO INCORPORATED,HQ,PO-2019,,
4602503000020500309,Standard,4602503000021807224,2026-01-14 14:56:00,2026-01-19 16:15:13,RFQ-43,Approved,2026-01-23,IJM Rimbayu additional item,solar pv installation,IQMAL,2026-01-14,Joo Ming Electrical Sdn Bhd,,PO-2020,,
4602503000020500309,Standard,4602503000021839583,2026-01-15 11:37:53,2026-01-19 16:29:54,RFQ-45,Approved,2026-01-20,STOCK REPLENISHMENT,PV Installation ,Cham,2026-01-15,Purchase Trigger,HQ,PO-2021,,
4602503000020500309,Standard,4602503000021992138,2026-01-19 11:13:02,2026-01-20 09:36:58,RFQ-56,Approved,2026-01-21,For PV Installation,PV Installation,Cham,2026-01-19,Purchase Trigger,HQ,PO-2023,,
4602503000020500309,Standard,4602503000021807169,2026-01-14 14:46:26,2026-01-20 09:51:09,RFQ-41,Approved,2026-02-23,SOLAR PV PROJECT INSTALLATION,YCE SETIA PEGUN,IQMAL,2026-01-14,Purchase Trigger,,PO-2024,,
4602503000020500309,Standard,4602503000022042002,2026-01-21 09:52:52,2026-01-21 09:54:04,RFQ-66,Sent,2026-01-05,skylift for installation,skylift for installation,iqmal,2026-01-21,KENG GUAN SKYLIFT SDN. BHD.,,,,
4602503000020500309,Standard,4602503000022042049,2026-01-21 09:59:22,2026-01-21 09:59:22,RFQ-67,Sent,2026-01-16,SKYLIFT FOR INSTALLATION - HIN TAT CRANE SERVICES SDN BHD,SKYLIFT FOR INSTALLATION,IQMAL,2026-01-21,HING YE CRANE SERVICE,,,,
4602503000020500309,Standard,4602503000022056046,2026-01-21 10:49:48,2026-01-21 11:03:58,RFQ-69,Approved,2026-01-23,REPLACEMENT - ROOF DENTED,SOLAR PV,FATIN,2026-01-21,HARDWARE GURU SDN BHD,,PO-2027,,
4602503000020500309,Standard,4602503000022023850,2026-01-20 10:28:51,2026-01-21 11:49:02,RFQ-59,Approved,2026-01-20,"PV Installation - Square Roots Sdn Bhd
(BC-2471)",PV Installation ,Cham,2026-01-20,HING YE CRANE SERVICE,"90, Jalan Tempua 2, Bdr Puchong Jaya,
47100 Puchong, Sel",PO-2028,,
4602503000020500309,Standard,4602503000022023919,2026-01-20 10:59:43,2026-01-21 14:37:14,RFQ-62,Approved,2026-01-23,Water Hippos Sdn Bhd (PO-00758),Meru Heaters,Cham/WH,2026-01-20,WATER CARE INDUSTRIES SDN BHD,HQ,PO-2029,,
4602503000020500309,Standard,4602503000022023896,2026-01-20 10:54:24,2026-01-21 14:37:17,RFQ-61,Approved,2026-02-03,Kanban for SWH,SWH Installation & Delivery,Cham,2026-01-20,WATER CARE INDUSTRIES SDN BHD,HQ,PO-2030,,
4602503000020500309,Standard,4602503000022023940,2026-01-20 11:01:51,2026-01-21 14:37:31,RFQ-63,Approved,2026-01-30,Water Hippos Sdn Bhd (PO-00761),To convert Meru Water Heaters,Cham/WH,2026-01-20,WATER CARE INDUSTRIES SDN BHD,HQ,PO-2031,,
4602503000020500309,Standard,4602503000021907066,2026-01-16 10:57:52,2026-01-21 15:21:11,RFQ-49,Approved,2026-02-02,BWS Sales & Services and Stocks,SWH Installation ,Cham,2026-01-16,WATER CARE INDUSTRIES SDN BHD,HQ,PO-2032,,
4602503000020500309,Standard,4602503000022056025,2026-01-21 10:43:28,2026-01-21 15:22:11,RFQ-68,Approved,2026-01-22,To repair Meru Water Heaters due to tank dented. MP55 x 2 units,Meru Heaters,Cham,2026-01-21,WATER CARE INDUSTRIES SDN BHD,HQ,PO-2033,,
4602503000020500309,Standard,4602503000022027210,2026-01-20 15:05:34,2026-01-21 16:01:19,RFQ-65,Approved,2026-01-22,HYBRID SYSTEM INSTALLATION,SOLAR PV,FATIN,2026-01-20,JK Semaju Sdn Bhd,,PO-2035,,
4602503000020500309,Standard,4602503000022027080,2026-01-20 10:31:29,2026-01-21 16:34:41,RFQ-60,Approved,2026-02-06,STOCK REPLENISHMENT,SOLAR PV,FATIN,2026-01-20,"Zhejiang Sule Energy Co., Ltd",,PO-2036,,
4602503000020500309,Standard,4602503000022095133,2026-01-22 09:20:09,2026-01-22 09:20:39,RFQ-74,Approved,2026-01-22,"PV Installation - Ter Leong Ping (BC-2592)
and Onn Kee Hock (BC-2572)",PV Installation ,Cham,2026-01-22,HING YE CRANE SERVICE,"1) 16, Jln Setia Tropika U13/20C, Bdr Setia   Eco Park, Shah Alam, Sel 
2) 2334, Lorong Hillview 3A, Tmn Hill View, Ampang, Sel",PO-2038,,
4602503000020500309,Standard,4602503000022095272,2026-01-22 09:54:29,2026-01-22 09:58:45,RFQ-75,Approved,2026-01-22,"For all hybrid + BESS installation
Urgent Request ",FOR HYBRID SYSTEM INSTALLATION,Cham,2026-01-22,Purchase Trigger,Self Pick-Up,PO-2040,,
4602503000020500309,Standard,4602503000022142001,2026-01-23 08:55:33,2026-01-23 08:55:33,RFQ-78,Sent,2026-01-28,For Stump,PV Installation ,Cham,2026-01-23,Purchase Trigger,HQ,,,
4602503000020500309,Standard,4602503000022144001,2026-01-23 09:28:18,2026-01-23 09:28:18,RFQ-79,Sent,2026-01-24,transportation material to site,transportation material to site,iqmal,2026-01-23,USAHA SAMA ENTERPRISE,,,,
4602503000020500309,Standard,4602503000022144024,2026-01-23 09:30:09,2026-01-23 09:30:09,RFQ-80,Sent,2026-01-26,pv project installation IJM,pv project installation IJM,IQMAL,2026-01-23,HING YE CRANE SERVICE,,,,
4602503000020500309,Standard,4602503000021807126,2026-01-14 12:58:41,2026-01-23 10:21:42,RFQ-40,Approved,2026-02-16,"solar pv project usage (SKYLINE KUCHAI) & stock replenishment
",SKYLINE KUCHAI,,2026-01-14,"Hoymiles Import and Export Trading Co., Ltd.",,PO-2041,,
4602503000020500309,Standard,4602503000022142270,2026-01-23 10:51:33,2026-01-23 10:51:33,RFQ-86,Sent,2026-01-28,SWH Installation,SWH Installation ,Cham,2026-01-23,Purchase Trigger,HQ,,,
4602503000020500309,Standard,4602503000022023961,2026-01-20 11:56:18,2026-01-23 12:08:25,RFQ-64,Approved,2026-01-21,"SWH Installation for Lim Seng Wai 
(BC-2487)",SWH Installation ,Cham,2026-01-20,HING YE CRANE SERVICE,"11, Lorong CP 8/27, Cheras Perdana,
43200 Cheras, Sel",PO-1997,,
4602503000020500309,Standard,4602503000022099029,2026-01-22 11:01:40,2026-01-23 12:22:51,RFQ-76,Approved,2026-01-26,Kanban for SWH (Water Hippos),SWH Installation ,Cham,2026-01-22,WATER CARE INDUSTRIES SDN BHD,HQ,PO-2044,,
4602503000020500309,Standard,4602503000022133001,2026-01-22 19:30:57,2026-01-23 12:23:23,RFQ-77,Approved,2026-01-23,SOLAR PV INSTALLATION,TECHNICAL,FATIN,2026-01-22,KENG GUAN SKYLIFT SDN. BHD.,,PO-2045,"Skylift 27m
23/01/26 @ 9AM
1. Site Address: A-8, JALAN RAWANG MUTIARA 2, RAWANG MUTIARA, RAWANG, 48000, SELANGOR
- Site PIC: Fatt +60 12-232 3332
- Skylift PIC:",
4602503000020500309,Standard,4602503000022142111,2026-01-23 10:15:51,2026-01-23 12:28:37,RFQ-81,Approved,2026-01-23,Water Hippos Sdn Bhd (PO-00762),To Carton Solar System,Cham/WH,2026-01-23,WATER CARE INDUSTRIES SDN BHD,HQ,PO-2046,,
4602503000020500309,Standard,4602503000022142159,2026-01-23 10:24:35,2026-01-23 12:28:54,RFQ-83,Approved,2026-01-23,Water Hippos Sdn Bhd (PO-00767),To convert Meru Water Heaters,Cham/WH,2026-01-23,WATER CARE INDUSTRIES SDN BHD,HQ,PO-2047,,
4602503000020500309,Standard,4602503000022142136,2026-01-23 10:20:30,2026-01-23 12:29:01,RFQ-82,Approved,2026-01-29,Water Hippos Sdn Bhd (PO-00764),SWH Installation ,Cham/WH,2026-01-23,WATER CARE INDUSTRIES SDN BHD,HQ,PO-2048,,
4602503000020500309,Standard,4602503000022142228,2026-01-23 10:30:58,2026-01-23 12:29:10,RFQ-84,Approved,2026-02-12,"Water Hippos Sdn Bhd (PO-00768)
For KFC",Meru Water Heaters,Cham/WH,2026-01-23,WATER CARE INDUSTRIES SDN BHD,HQ,PO-2049,,
4602503000020500309,Standard,4602503000022142249,2026-01-23 10:32:26,2026-01-23 12:29:12,RFQ-85,Approved,2026-02-06,Water Hippos Sdn Bhd (PO-00769),Meru Water Heater,Cham/WH,2026-01-23,WATER CARE INDUSTRIES SDN BHD,HQ,PO-2050,,
4602503000020500309,Standard,4602503000022095001,2026-01-22 07:21:18,2026-01-23 12:32:09,RFQ-70,Cancelled,2026-01-23,Replenish for Stock ,PV Installation ,Cham,2026-01-22,Purchase Trigger,HQ,PO-1980,,
4602503000020500309,Standard,4602503000022142449,2026-01-23 12:25:52,2026-01-23 12:48:05,RFQ-90,Approved,2026-01-26,Water Hippos Sdn Bhd (PO-00770) ,To Carton Solar System,Cham/WH,2026-01-23,WATER CARE INDUSTRIES SDN BHD,HQ,PO-2051,,
4602503000020500309,Standard,4602503000022142381,2026-01-23 12:21:52,2026-01-23 15:25:01,RFQ-89,Approved,2026-01-26,For PV Installation ,PV INSTALLATION,Cham,2026-01-23,Purchase Trigger,HQ,PO-1991,,
4602503000020500309,Standard,4602503000022153379,2026-01-23 16:37:58,2026-01-23 16:39:24,RFQ-92,Approved,2026-01-26,For PV Installation ,PV INSTALLATION,Cham,2026-01-23,Winstar Solar Sdn Bhd,HQ,PO-1991(1),,
4602503000020500309,Standard,4602503000022142537,2026-01-23 12:35:54,2026-01-23 16:39:28,RFQ-91,Approved,2026-01-26,Replenish for Stock ,PV Installation ,Cham,2026-01-23,Purchase Trigger,HQ,PO-2054,,
4602503000020500309,Standard,4602503000022095040,2026-01-22 07:40:46,2026-01-26 09:24:05,RFQ-71,Approved,2026-01-23,"25 Tons Crane for PV Installation
For BC-2189 (Datin Ann Leong)",PV Installation,Cham,2026-01-22,HING YE CRANE SERVICE,"5, Lorong Buluh Perindu 2,
Taman SA, 59000 K. Lumpur",PO-2042,,
4602503000020500309,Standard,4602503000022095110,2026-01-22 08:41:35,2026-01-26 16:53:45,RFQ-73,Approved,2026-01-26,STOCK REPLENISHMENT ,SWH Installation ,Cham,2026-01-22,Purchase Trigger,HQ,PO-2055,,
4602503000020500309,Standard,4602503000022095073,2026-01-22 08:16:19,2026-01-26 17:17:07,RFQ-72,Approved,2026-01-26,"Water Hippos Sdn Bhd (PO-00771)
Sending their stock to Penang Office",Sending Stock to Penang Office,Cham/WH,2026-01-22,USAHA SAMA ENTERPRISE,"19-G, Jalan Vervea 12,
Aspen Vision City, Bandar Cassia, 14110 Batu Kawan, Pulau Pinang
PIC : Zul (011-3936 9225)",PO-2043,,
4602503000020500309,Standard,4602503000022254923,2026-01-26 17:14:38,2026-01-26 17:58:53,RFQ-95,Approved,2026-01-27,"Water Hippos Sdn Bhd (PO-00773)
Extra Plastic Wrap on 300CX Tank",SWH,Cham/WH,2026-01-26,WATER CARE INDUSTRIES SDN BHD,HQ,PO-2056,,
4602503000020500309,Standard,4602503000022254954,2026-01-26 17:21:48,2026-01-26 17:59:00,RFQ-96,Approved,2026-01-29,Water Hippos Sdn Bhd (PO-00772),To convert Meru Water Heaters,Cham/WH,2026-01-26,WATER CARE INDUSTRIES SDN BHD,HQ,PO-2057,,
4602503000020500309,Standard,4602503000022250081,2026-01-26 09:37:24,2026-01-26 17:59:15,RFQ-93,Approved,2026-01-29,STOCK REPLENISHMENT,Solar & Heater,Cham,2026-01-26,WATER CARE INDUSTRIES SDN BHD,HQ,PO-2058,,
4602503000020500309,Standard,4602503000022254099,2026-01-26 12:26:18,2026-01-27 09:14:22,RFQ-94,Approved,2026-01-28,For BWS Sales,To Carton Solar System,Cham,2026-01-26,WATER CARE INDUSTRIES SDN BHD,HQ,PO-2059,,
4602503000020500309,Standard,4602503000022257096,2026-01-27 09:34:07,2026-01-27 10:37:02,RFQ-97,Approved,2026-01-30,Bracket Stand For PV Battery,PV Battery,Cham,2026-01-27,WATER CARE INDUSTRIES SDN BHD,HQ,PO-2060,,
4602503000020500309,Standard,4602503000022230008,2026-01-27 10:00:00,2026-01-27 10:37:52,RFQ-98,Approved,2026-01-29,To prefabricate combiner box - IJM,To prefabricate combiner box - IJM,iqmal,2026-01-27,WATER CARE INDUSTRIES SDN BHD,,PO-2061,,
4602503000020500309,Standard,4602503000022142332,2026-01-23 11:19:58,2026-01-27 12:38:45,RFQ-88,Approved,2026-01-28,STOCK REPLENISHMENT,PV Installation ,Cham,2026-01-23,Purchase Trigger,HQ,PO-2062,,
4602503000020500309,Standard,4602503000022142305,2026-01-23 11:08:36,2026-01-27 14:59:11,RFQ-87,Approved,2026-01-27,STOCK REPLENISHMENT,PV Installation,Cham,2026-01-23,Purchase Trigger,HQ,PO-2063,,
4602503000020500309,Standard,4602503000022257620,2026-01-27 11:50:18,2026-01-27 15:03:23,RFQ-99,Approved,2026-01-29,"SWH installations (Project)
Eng Han Engineering Sdn Bhd",Hoisting of Solar System,Cham,2026-01-27,HING YE CRANE SERVICE,"Destination: 22 Quartz@Shah Alam,
Plot 1, Lot 98514 Jalan Padi U12/41, Seksyen U12, Mukim Bukit Raja, 40170 Shah Alam, Selangor Darul Ehsan
",PO-2064,,
4602503000020500309,Standard,4602503000022308022,2026-01-28 09:44:15,2026-01-28 10:03:16,RFQ-104,Approved,2026-01-29,"For Replacement on CP213s (Softener Use) and CP213f (Activated Carbon)
For Brunei",Water Filter System ,Cham,2026-01-28,NIKOM GLOBAL MARKETING (M) SDN BHD,SELF COLLECTION,PO-2065,,
4602503000020500309,Standard,4602503000022303033,2026-01-28 10:58:48,2026-01-28 11:44:42,RFQ-108,Approved,2026-01-30,SKYLIFT - REPAIR COMPONENTS,EQUIPMENT,FATIN,2026-01-28,KENG GUAN SKYLIFT SDN. BHD.,,PO-2066,,
4602503000020500309,Standard,4602503000022277350,2026-01-27 16:13:38,2026-01-29 10:29:46,RFQ-102,Approved,2026-01-29,Water Hippos Sdn Bhd (PO-00754),To convert Meru heater,Cham/WH,2026-01-27,WATER CARE INDUSTRIES SDN BHD,HQ,PO-2067,,
4602503000020500309,Standard,4602503000022257641,2026-01-27 12:21:16,2026-01-29 10:29:46,RFQ-100,Approved,2026-02-02,300CX Bracket for Flat Roof Installation  ,SWH,Cham,2026-01-27,WATER CARE INDUSTRIES SDN BHD,HQ,PO-2068,,
4602503000020500309,Standard,4602503000022308001,2026-01-28 08:09:28,2026-01-29 10:30:02,RFQ-103,Approved,2026-01-27,PV Installation ,PV Installation ,Cham/Fatin,2026-01-27,HING YE CRANE SERVICE," Site Address: A-8, JALAN RAWANG MUTIARA 2, RAWANG MUTIARA, RAWANG, 48000, SELANGOR ",PO-2069,,
4602503000020500309,Standard,4602503000022282094,2026-01-28 10:34:22,2026-01-29 10:30:06,RFQ-106,Approved,2026-01-28,SKYLIFT FOR SOLAR PV INSTALLATION,SKYLIFT FOR SOLAR PV INSTALLATION,IQMAL,2026-01-28,KENG GUAN SKYLIFT SDN. BHD.,,PO-2070,,
4602503000020500309,Standard,4602503000022277076,2026-01-27 14:31:12,2026-01-29 10:30:09,RFQ-101,Approved,2026-01-30,Stock Replenishment,SWH Installation ,Cham,2026-01-27,WATER CARE INDUSTRIES SDN BHD,HQ,PO-2071,,
4602503000020500309,Standard,4602503000022308469,2026-01-28 11:45:16,2026-01-29 10:30:26,RFQ-109,Approved,2026-02-06,STOCK REPLENISHMENT,SWH Installation,Cham,2026-01-28,WATER CARE INDUSTRIES SDN BHD,HQ,PO-2072,,
4602503000020500309,Standard,4602503000022282073,2026-01-28 10:00:03,2026-01-29 10:30:28,RFQ-105,Approved,2026-01-28,crane for solar pv installation hoisting,crane for solar pv installation hoisting,iqmal,2026-01-28,HING YE CRANE SERVICE,,PO-2073,,
4602503000020500309,Standard,4602503000022315510,2026-01-28 15:19:26,2026-01-29 10:30:52,RFQ-110,Approved,2026-01-30,Water Hippos Sdn Bhd (PO-00779),SWH Installation ,Cham/WH,2026-01-28,WATER CARE INDUSTRIES SDN BHD,hq,PO-2074,,
4602503000020500309,Standard,4602503000022308349,2026-01-28 10:34:24,2026-01-29 12:02:43,RFQ-107,Approved,2026-02-02,Water Hippo Sdn Bhd - PO-00776,SWH,Cham/WH,2026-01-28,WATER CARE INDUSTRIES SDN BHD,HQ,PO-2076,,
4602503000020500309,Standard,4602503000022344001,2026-01-29 08:35:12,2026-01-29 14:25:52,RFQ-112,Approved,2026-01-30,For BWS Sales,To Carton Solar System,Cham,2026-01-29,WATER CARE INDUSTRIES SDN BHD,HQ,PO-2077,,
4602503000020500309,Standard,4602503000022344026,2026-01-29 09:54:27,2026-01-29 14:26:12,RFQ-113,Approved,2026-02-11,BWS Sales & Services Sdn Bhd (PO-07045),Meru Heaters,Cham,2026-01-29,WATER CARE INDUSTRIES SDN BHD,Kuching Sarawak,PO-2078,,
4602503000020500309,Standard,4602503000022358094,2026-01-29 16:23:45,2026-01-29 16:23:45,RFQ-115,Sent,2026-02-02,KLK Kitacon Project - mockup,KLK Kitacon Project - mockup,iqmal,2026-01-29,,,,,
4602503000020500309,Standard,4602503000022386465,2026-01-30 10:13:47,2026-01-30 10:13:59,RFQ-116,Sent,2026-02-05,"Supra Sunrise Sdn Bhd (PO-04069)
Site At Segamat, Johor",Meru Water Heaters,Cham,2026-01-30,WATER CARE INDUSTRIES SDN BHD,HQ,,,
4602503000020500309,Standard,4602503000022386527,2026-01-30 10:22:29,2026-01-30 10:22:29,RFQ-117,Sent,2026-02-05,Water Hippos Sdn Bhd (PO-00783),To convert Meru heater,Cham/WH,2026-01-30,WATER CARE INDUSTRIES SDN BHD,HQ,,,
4602503000020500309,Standard,4602503000022386548,2026-01-30 10:32:44,2026-01-30 10:32:44,RFQ-118,Sent,2026-02-12,"Water Hippos Sdn Bhd (PO-00781)
For KFC",Meru Water Heaters,Cham/WH,2026-01-30,WATER CARE INDUSTRIES SDN BHD,HQ,,,
4602503000020500309,Standard,4602503000022296200,2026-01-28 16:03:31,2026-01-30 10:39:31,RFQ-111,Approved,2026-01-30,For all hybrid + BESS installation,HYBRID SYSTEM INSTALLATION,Cham,2026-01-28,Purchase Trigger,HQ,PO-2079,,
4602503000020500309,Standard,4602503000022344681,2026-01-29 14:27:15,2026-01-30 12:01:55,RFQ-114,Approved,2026-02-06,Kanban for SWH (For Dealers),SWH Installation ,Cham,2026-01-29,WATER CARE INDUSTRIES SDN BHD,HQ,PO-2081,,
4602503000020500309,Standard,4602503000022389002,2026-01-30 10:47:45,2026-01-30 12:20:44,RFQ-119,Approved,2026-01-31,JB - STOCK REPLENISHMENT ,SOLAR PV INSTALLATION,FATIN,2026-01-30,Winstar Solar Sdn Bhd,,PO-1991 (2),,
4602503000020500309,Standard,4602503000022389041,2026-01-30 11:02:28,2026-01-30 12:21:01,RFQ-120,Approved,2026-01-31,JB - STOCK REPLENISHMENT,SOLAR PV ,FATIN,2026-01-30,Purchase Trigger,,PO-2083,,
