InventoryAdjustment ID,Date,Transfer Order#,Reason,Status,Transferred Date,Item Name,Item Desc,Product ID,Quantity Transferred,Cost Price,SKU,Usage unit,From Location Name,To Location Name
4602503000009554009,2025-02-14,TO-00001,"JB Stock Transfer
JB PIC: Alex +60 12-287 1099 & Mad +60 11-7003 0273
Delivery to JB Office: 15/2/2025 @ 9AM
",Transferred,2025-05-20,SOLARSPACE 590W MONO BI FACIAL PV MODULE,"15 YEARS PRODUCT WARRANTY, 30 YEARS LINEAR POWER WARRANTY",4602503000001328075,120.00,2284.480000,D-SS8-72HD-590N,pcs,Head Office,Johor
4602503000009554009,2025-02-14,TO-00001,"JB Stock Transfer
JB PIC: Alex +60 12-287 1099 & Mad +60 11-7003 0273
Delivery to JB Office: 15/2/2025 @ 9AM
",Transferred,2025-05-20,Rail SLR-R02-Light 5200MM,52mm x 32mm - 5200mm,4602503000004890141,160.00,66.500000,SLR-R02-LIGHT,pcs,Head Office,Johor
4602503000009554009,2025-02-14,TO-00001,"JB Stock Transfer
JB PIC: Alex +60 12-287 1099 & Mad +60 11-7003 0273
Delivery to JB Office: 15/2/2025 @ 9AM
",Transferred,2025-05-20,END CLAMP 30MM,,4602503000004890232,200.00,1.600000,SLR-EC-30-D,pcs,Head Office,Johor
4602503000009554009,2025-02-14,TO-00001,"JB Stock Transfer
JB PIC: Alex +60 12-287 1099 & Mad +60 11-7003 0273
Delivery to JB Office: 15/2/2025 @ 9AM
",Transferred,2025-05-20,MID CLAMP 30MM,,4602503000004890203,200.00,1.800000,SLR-MC-30-D,pcs,Head Office,Johor
4602503000009554009,2025-02-14,TO-00001,"JB Stock Transfer
JB PIC: Alex +60 12-287 1099 & Mad +60 11-7003 0273
Delivery to JB Office: 15/2/2025 @ 9AM
",Transferred,2025-05-20,TILE HOOK #01,,4602503000004890317,280.00,12.900000,SLR-CTH-01,Each,Head Office,Johor
4602503000009554009,2025-02-14,TO-00001,"JB Stock Transfer
JB PIC: Alex +60 12-287 1099 & Mad +60 11-7003 0273
Delivery to JB Office: 15/2/2025 @ 9AM
",Transferred,2025-05-20,L BRACKET WITH SELF TAPPING SCREW,,4602503000004890290,200.00,3.600000,SLR-MRH-L5-5-D,pcs,Head Office,Johor
4602503000009554009,2025-02-14,TO-00001,"JB Stock Transfer
JB PIC: Alex +60 12-287 1099 & Mad +60 11-7003 0273
Delivery to JB Office: 15/2/2025 @ 9AM
",Transferred,2025-05-20,T Nut wit Bolt M8 x 25mm,,4602503000009506161,400.00,0.000000,TN-M8,pcs,Head Office,Johor
4602503000009554009,2025-02-14,TO-00001,"JB Stock Transfer
JB PIC: Alex +60 12-287 1099 & Mad +60 11-7003 0273
Delivery to JB Office: 15/2/2025 @ 9AM
",Transferred,2025-05-20,GROUNDING CLIP,,4602503000000203171,300.00,0.220000,KS-BR1-GC,Each,Head Office,Johor
4602503000009554009,2025-02-14,TO-00001,"JB Stock Transfer
JB PIC: Alex +60 12-287 1099 & Mad +60 11-7003 0273
Delivery to JB Office: 15/2/2025 @ 9AM
",Transferred,2025-05-20,GROUNDING LUG 40MM,,4602503000004890261,200.00,2.200000,SLR-EK-D,Each,Head Office,Johor
4602503000009554009,2025-02-14,TO-00001,"JB Stock Transfer
JB PIC: Alex +60 12-287 1099 & Mad +60 11-7003 0273
Delivery to JB Office: 15/2/2025 @ 9AM
",Transferred,2025-05-20,DC FUSE 1P 1000VDC 20A FUSE LINK + HOLDER,PV,4602503000000383190,16.00,0.000000,FDS-32B,Each,Head Office,Johor
4602503000009554009,2025-02-14,TO-00001,"JB Stock Transfer
JB PIC: Alex +60 12-287 1099 & Mad +60 11-7003 0273
Delivery to JB Office: 15/2/2025 @ 9AM
",Transferred,2025-05-20,DC MCB 2P 550VDC 63A,PV,4602503000000383157,16.00,0.000000,FPV-63,Each,Head Office,Johor
4602503000009554009,2025-02-14,TO-00001,"JB Stock Transfer
JB PIC: Alex +60 12-287 1099 & Mad +60 11-7003 0273
Delivery to JB Office: 15/2/2025 @ 9AM
",Transferred,2025-05-20,DC SPD 2P 600VDC 20~40KA,PV,4602503000006548021,16.00,0.000000,FSP-D40-600,Each,Head Office,Johor
4602503000009554009,2025-02-14,TO-00001,"JB Stock Transfer
JB PIC: Alex +60 12-287 1099 & Mad +60 11-7003 0273
Delivery to JB Office: 15/2/2025 @ 9AM
",Transferred,2025-05-20,AC MCB 4P 400VAC 63A,,4602503000000383201,6.00,0.000000,FE7-63,Each,Head Office,Johor
4602503000009554009,2025-02-14,TO-00001,"JB Stock Transfer
JB PIC: Alex +60 12-287 1099 & Mad +60 11-7003 0273
Delivery to JB Office: 15/2/2025 @ 9AM
",Transferred,2025-05-20,AC MCB 2P 400VAC 63A,,4602503000000549884,4.00,0.000000,FE7-63-2P,Each,Head Office,Johor
4602503000009554009,2025-02-14,TO-00001,"JB Stock Transfer
JB PIC: Alex +60 12-287 1099 & Mad +60 11-7003 0273
Delivery to JB Office: 15/2/2025 @ 9AM
",Transferred,2025-05-20,AC SPD 4P 420VAC 20~40KA,PV,4602503000000383212,6.00,0.000000,FSP-A40,Each,Head Office,Johor
4602503000009554009,2025-02-14,TO-00001,"JB Stock Transfer
JB PIC: Alex +60 12-287 1099 & Mad +60 11-7003 0273
Delivery to JB Office: 15/2/2025 @ 9AM
",Transferred,2025-05-20,DIGITAL ENERGY METER - 3 PHASE 4P 3X220/380V,PV,4602503000000383223,6.00,0.000000,DTM024,Each,Head Office,Johor
4602503000009554009,2025-02-14,TO-00001,"JB Stock Transfer
JB PIC: Alex +60 12-287 1099 & Mad +60 11-7003 0273
Delivery to JB Office: 15/2/2025 @ 9AM
",Transferred,2025-05-20,DIGITAL ENERGY METER - 1 PHASE 2P 2X220V,PV,4602503000000383234,4.00,0.000000,DDM15SD,Each,Head Office,Johor
4602503000009554009,2025-02-14,TO-00001,"JB Stock Transfer
JB PIC: Alex +60 12-287 1099 & Mad +60 11-7003 0273
Delivery to JB Office: 15/2/2025 @ 9AM
",Transferred,2025-05-20,Combiner box 2 row 28 ways,,4602503000000451530,8.00,29.000000,DB-2R-28WAYS,Each,Head Office,Johor
4602503000009554009,2025-02-14,TO-00001,"JB Stock Transfer
JB PIC: Alex +60 12-287 1099 & Mad +60 11-7003 0273
Delivery to JB Office: 15/2/2025 @ 9AM
",Transferred,2025-05-20,DC CABLE - Fireproof 1C x 4mm^2 (1000 meters / Drum) Black,,4602503000002163703,1600.00,2400.000000,T-453,m,Head Office,Johor
4602503000009554009,2025-02-14,TO-00001,"JB Stock Transfer
JB PIC: Alex +60 12-287 1099 & Mad +60 11-7003 0273
Delivery to JB Office: 15/2/2025 @ 9AM
",Transferred,2025-05-20,AC wire 6mmx100m BLACK,,4602503000000451508,12.00,210.000000,AC-WIRE-06-B,rolls,Head Office,Johor
4602503000009554009,2025-02-14,TO-00001,"JB Stock Transfer
JB PIC: Alex +60 12-287 1099 & Mad +60 11-7003 0273
Delivery to JB Office: 15/2/2025 @ 9AM
",Transferred,2025-05-20,"AC WIRE, 6mmx100m, GREEN",,4602503000006076005,14.00,0.000000,AC-WIRE-6-G,rolls,Head Office,Johor
4602503000009554009,2025-02-14,TO-00001,"JB Stock Transfer
JB PIC: Alex +60 12-287 1099 & Mad +60 11-7003 0273
Delivery to JB Office: 15/2/2025 @ 9AM
",Transferred,2025-05-20,"FLEXIBLE GI CONDUIT PVC COATED 1"" X 30M",,4602503000000451596,6.00,0.000000,"FLX-GI-PVC-1""",rolls,Head Office,Johor
4602503000009554009,2025-02-14,TO-00001,"JB Stock Transfer
JB PIC: Alex +60 12-287 1099 & Mad +60 11-7003 0273
Delivery to JB Office: 15/2/2025 @ 9AM
",Transferred,2025-05-20,"1"" PVC Flex Conduit Black- 20meter",,4602503000000451607,6.00,18.500000,"FLX-PVC-1""",rolls,Head Office,Johor
4602503000009554009,2025-02-14,TO-00001,"JB Stock Transfer
JB PIC: Alex +60 12-287 1099 & Mad +60 11-7003 0273
Delivery to JB Office: 15/2/2025 @ 9AM
",Transferred,2025-05-20,"PVC CASING 2"" x 2"" x 6 FT",,4602503000002764011,10.00,8.500000,T-478,PCS,Head Office,Johor
4602503000009632545,2025-02-17,TO-00002,"PV Installation at Johor

17/02/2025 load; 18/02/2025 arrive
- Solis S5-GR3P12K x 2 units
- Solis S5-GR3P6K x 2 units
- Solis S6-GR1P5K x 2 units",Transferred,2025-05-20,SOLIS 12KW 3-PHASE DUAL MPPT STRING INVERTER,10 years product warranty,4602503000000203083,2.00,5120.000000,S5-GR3P12K,Each,Head Office,Johor
4602503000009632545,2025-02-17,TO-00002,"PV Installation at Johor

17/02/2025 load; 18/02/2025 arrive
- Solis S5-GR3P12K x 2 units
- Solis S5-GR3P6K x 2 units
- Solis S6-GR1P5K x 2 units",Transferred,2025-05-20,SOLIS 6KW 3-PHASE DUAL MPPT STRING INVERTER,10 years product warranty,4602503000000203061,2.00,4290.000000,S5-GR3P6K,Each,Head Office,Johor
4602503000009632545,2025-02-17,TO-00002,"PV Installation at Johor

17/02/2025 load; 18/02/2025 arrive
- Solis S5-GR3P12K x 2 units
- Solis S5-GR3P6K x 2 units
- Solis S6-GR1P5K x 2 units",Transferred,2025-05-20,SOLIS 5KW SINGLE-PHASE DUAL MPPT STRING INVERTER,10 years product warranty,4602503000000203039,2.00,2700.000000,S6-GR1P5K,Each,Head Office,Johor
4602503000010089746,2025-02-27,TO-00003,,Transferred,2025-05-20,SOLARSPACE 590W MONO BI FACIAL PV MODULE,"15 YEARS PRODUCT WARRANTY, 30 YEARS LINEAR POWER WARRANTY",4602503000001328075,126.00,2284.480000,D-SS8-72HD-590N,pcs,Head Office,Johor
4602503000010089746,2025-02-27,TO-00003,,Transferred,2025-05-20,Rail SLR-R02-Light 5200MM,"52mm x 32mm - 5200mm
2600mm - 180pcs",4602503000004890141,90.00,66.500000,SLR-R02-LIGHT,pcs,Head Office,Johor
4602503000010089746,2025-02-27,TO-00003,,Transferred,2025-05-20,END CLAMP 30MM,,4602503000004890232,200.00,1.600000,SLR-EC-30-D,pcs,Head Office,Johor
4602503000010089746,2025-02-27,TO-00003,,Transferred,2025-05-20,MID CLAMP 30MM,,4602503000004890203,200.00,1.800000,SLR-MC-30-D,pcs,Head Office,Johor
4602503000010089746,2025-02-27,TO-00003,,Transferred,2025-05-20,TILE HOOK #01,,4602503000004890317,280.00,12.900000,SLR-CTH-01,Each,Head Office,Johor
4602503000010089746,2025-02-27,TO-00003,,Transferred,2025-05-20,T NUT WITH BOLT M8 x 25MM,,4602503000004890346,400.00,0.800000,SLR-BN-25-D,pcs,Head Office,Johor
4602503000010089746,2025-02-27,TO-00003,,Transferred,2025-05-20,Rail Splice,,4602503000004890174,200.00,3.900000,SLR-RS-01-L-D,Each,Head Office,Johor
4602503000010089746,2025-02-27,TO-00003,,Transferred,2025-05-20,GROUNDING CLIP,,4602503000000203171,300.00,0.220000,KS-BR1-GC,Each,Head Office,Johor
4602503000010089746,2025-02-27,TO-00003,,Transferred,2025-05-20,GROUNDING LUG 40MM,,4602503000004890261,200.00,2.200000,SLR-EK-D,Each,Head Office,Johor
4602503000010089746,2025-02-27,TO-00003,,Transferred,2025-05-20,DC FUSE 1P 1000VDC 20A FUSE LINK + HOLDER,PV,4602503000000383190,16.00,0.000000,FDS-32B,Each,Head Office,Johor
4602503000010089746,2025-02-27,TO-00003,,Transferred,2025-05-20,DC FUSE 1P 1000VDC 20A FUSE,,4602503000000549873,16.00,0.000000,FDS-32,Each,Head Office,Johor
4602503000010089746,2025-02-27,TO-00003,,Transferred,2025-05-20,DC MCB 2P 550VDC 63A,PV,4602503000000383157,16.00,0.000000,FPV-63,Each,Head Office,Johor
4602503000010089746,2025-02-27,TO-00003,,Transferred,2025-05-20,DC SPD 2P 600VDC 20~40KA,PV,4602503000006548021,16.00,0.000000,FSP-D40-600,Each,Head Office,Johor
4602503000010089746,2025-02-27,TO-00003,,Transferred,2025-05-20,AC MCB 4P 400VAC 63A,,4602503000000383201,8.00,0.000000,FE7-63,Each,Head Office,Johor
4602503000010089746,2025-02-27,TO-00003,,Transferred,2025-05-20,AC MCB 2P 400VAC 63A,,4602503000000549884,6.00,0.000000,FE7-63-2P,Each,Head Office,Johor
4602503000010089746,2025-02-27,TO-00003,,Transferred,2025-05-20,AC SPD 4P 420VAC 20~40KA,PV,4602503000000383212,8.00,0.000000,FSP-A40,Each,Head Office,Johor
4602503000010089746,2025-02-27,TO-00003,,Transferred,2025-05-20,DIGITAL ENERGY METER - 3 PHASE 4P 3X220/380V,PV,4602503000000383223,10.00,0.000000,DTM024,Each,Head Office,Johor
4602503000010089746,2025-02-27,TO-00003,,Transferred,2025-05-20,DIGITAL ENERGY METER - 1 PHASE 2P 2X220V,PV,4602503000000383234,8.00,0.000000,DDM15SD,Each,Head Office,Johor
4602503000010089746,2025-02-27,TO-00003,,Transferred,2025-05-20,Combiner box 2 row 28 ways,,4602503000000451530,10.00,29.000000,DB-2R-28WAYS,Each,Head Office,Johor
4602503000010089746,2025-02-27,TO-00003,,Transferred,2025-05-20,DC CABLE - Fireproof 1C x 4mm^2 (1000 meters / Drum) Black,,4602503000002163703,2000.00,2400.000000,T-453,m,Head Office,Johor
4602503000010089746,2025-02-27,TO-00003,,Transferred,2025-05-20,AC wire 6mmx100m BLACK,,4602503000000451508,16.00,210.000000,AC-WIRE-06-B,rolls,Head Office,Johor
4602503000010089746,2025-02-27,TO-00003,,Transferred,2025-05-20,"AC WIRE, 6mmx100m, GREEN",,4602503000006076005,18.00,0.000000,AC-WIRE-6-G,rolls,Head Office,Johor
4602503000010089746,2025-02-27,TO-00003,,Transferred,2025-05-20,"PVC CASING 2"" x 2"" x 6 FT",,4602503000002764011,30.00,8.500000,T-478,PCS,Head Office,Johor
4602503000010089746,2025-02-27,TO-00003,,Transferred,2025-05-20,Female Adaptor PVC 1'',,4602503000002163596,30.00,0.450000,T-438,pcs,Head Office,Johor
4602503000010089746,2025-02-27,TO-00003,,Transferred,2025-05-20,SOLIS 8KW 3-PHASE DUAL MPPT STRING INVERTER,10 years product warranty,4602503000000105022,1.00,4680.000000,S5-GR3P8K,Each,Head Office,Johor
4602503000010089746,2025-02-27,TO-00003,,Transferred,2025-05-20,SOLIS 6KW 3-PHASE DUAL MPPT STRING INVERTER,10 years product warranty,4602503000000203061,1.00,4290.000000,S5-GR3P6K,Each,Head Office,Johor
4602503000010089746,2025-02-27,TO-00003,,Transferred,2025-05-20,SOLIS 12KW 3-PHASE DUAL MPPT STRING INVERTER,10 years product warranty,4602503000000203083,1.00,5120.000000,S5-GR3P12K,Each,Head Office,Johor
4602503000010089746,2025-02-27,TO-00003,,Transferred,2025-05-20,SOLIS 5KW SINGLE-PHASE DUAL MPPT STRING INVERTER,10 years product warranty,4602503000000203039,2.00,2700.000000,S6-GR1P5K,Each,Head Office,Johor
4602503000010089746,2025-02-27,TO-00003,,Transferred,2025-05-20,APSYSTEMS MICRO INVERTER QT2 3.6 kW 8 PANEL 3 PHASE,"three phase, 4 mppt",4602503000002944058,5.00,0.000000,D-3P-QT2D-8T-1,Each,Head Office,Johor
4602503000010089746,2025-02-27,TO-00003,,Transferred,2025-05-20,APSYSTEMS MICRO INVERTER QT2 2 kW 4 PANEL 3 PHASE,"three phase, 4 mppt",4602503000002944049,1.00,1100.000000,D-3P-QT2-4T-1,Each,Head Office,Johor
4602503000010089746,2025-02-27,TO-00003,,Transferred,2025-05-20,"AP system Bus Cable 3phase 5c (4mm2, H07,2.4m)",,4602503000003410047,6.00,65.550000,SKU-APCUT-02,pcs,Head Office,Johor
4602503000010089746,2025-02-27,TO-00003,,Transferred,2025-05-20,AP SYSTEM BUS CABLE 5C END CAP (TWO SEALS),,4602503000003410060,2.00,17.600000,SKU-APBC-03,pcs,Head Office,Johor
4602503000010089746,2025-02-27,TO-00003,,Transferred,2025-05-20,AP SYSTEM BUS CABLE 5 WIRE T-CONN CAP,,4602503000003410069,5.00,13.200000,SKU-APBTC-01,pcs,Head Office,Johor
4602503000010089746,2025-02-27,TO-00003,,Transferred,2025-05-20,"APsystems AC Connector (5C,40A,male)",,4602503000003410106,2.00,17.600000,SKU-APAC-01,pcs,Head Office,Johor
4602503000010089746,2025-02-27,TO-00003,,Transferred,2025-05-20,"APsystems AC Connector (5C 40A, female)",,4602503000006823089,2.00,0.000000,AP-AC-5C40AF,pcs,Head Office,Johor
4602503000010089746,2025-02-27,TO-00003,,Transferred,2025-05-20,APsystems Energy Communication Unit R,,4602503000002944107,2.00,506.000000,ECU-R,Each,Head Office,Johor
4602503000010089746,2025-02-27,TO-00003,,Transferred,2025-05-20,APsystems Y Bus Cable Unlock Tool,,4602503000002944098,2.00,4.400000,APCUT-01,Each,Head Office,Johor
4602503000010089746,2025-02-27,TO-00003,,Transferred,2025-05-20,"NUT SS304, M8",,4602503000000620700,180.00,0.000000,PART-000043,pcs,Head Office,Johor
4602503000010089746,2025-02-27,TO-00003,,Transferred,2025-05-20,"BOLT - SS304, M8 X 20MM X 1.25MM",,4602503000000620689,180.00,0.000000,PART-000012,pcs,Head Office,Johor
4602503000010089746,2025-02-27,TO-00003,,Transferred,2025-05-20,S/S A2 Flat Washer M8(8.5 x 22OD x 1.5mm),,4602503000005320104,360.00,0.000000,SKU-M8-01,pcs,Head Office,Johor
4602503000010089746,2025-02-27,TO-00003,,Transferred,2025-05-20,"L-PLATE TILES ROOF EXTENDER, 200MM",,4602503000005773024,180.00,0.000000,SMFG-000399,pcs,Head Office,Johor
4602503000010089746,2025-02-27,TO-00003,,Transferred,2025-05-20,Solar connector 1000V 6mm^2,,4602503000002116884,50.00,0.000000,FMC4,Each,Head Office,Johor
4602503000010089746,2025-02-27,TO-00003,,Transferred,2025-05-20,MCB 2P 550VDC 125A,,4602503000007722036,5.00,0.000000,FPV-125,pcs,Head Office,Johor
4602503000011091035,2025-03-20,TO-00004,,Transferred,2025-05-20,Rail SLR-R02-Light 2600mm,,4602503000010885279,200.00,0.000000,SLR-2600mm,pcs,Head Office,Johor
4602503000011091035,2025-03-20,TO-00004,,Transferred,2025-05-20,END CLAMP 30MM,,4602503000004890232,250.00,1.600000,SLR-EC-30-D,pcs,Head Office,Johor
4602503000011091035,2025-03-20,TO-00004,,Transferred,2025-05-20,MID CLAMP 30MM,,4602503000004890203,250.00,1.800000,SLR-MC-30-D,pcs,Head Office,Johor
4602503000011091035,2025-03-20,TO-00004,,Transferred,2025-05-20,TILE HOOK #01,,4602503000004890317,350.00,12.900000,SLR-CTH-01,Each,Head Office,Johor
4602503000011091035,2025-03-20,TO-00004,,Transferred,2025-05-20,T NUT WITH BOLT M8 x 25MM,,4602503000004890346,500.00,0.800000,SLR-BN-25-D,pcs,Head Office,Johor
4602503000011091035,2025-03-20,TO-00004,,Transferred,2025-05-20,Rail Splice,,4602503000004890174,200.00,3.900000,SLR-RS-01-L-D,Each,Head Office,Johor
4602503000011091035,2025-03-20,TO-00004,,Transferred,2025-05-20,GROUNDING CLIP,,4602503000000203171,300.00,0.220000,KS-BR1-GC,Each,Head Office,Johor
4602503000011091035,2025-03-20,TO-00004,,Transferred,2025-05-20,GROUNDING LUG 40MM,,4602503000004890261,200.00,2.200000,SLR-EK-D,Each,Head Office,Johor
4602503000011091035,2025-03-20,TO-00004,,Transferred,2025-05-20,DC FUSE 1P 1000VDC 20A FUSE LINK + HOLDER,PV,4602503000000383190,20.00,0.000000,FDS-32B,Each,Head Office,Johor
4602503000011091035,2025-03-20,TO-00004,,Transferred,2025-05-20,DC FUSE 1P 1000VDC 20A FUSE,,4602503000000549873,20.00,0.000000,FDS-32,Each,Head Office,Johor
4602503000011091035,2025-03-20,TO-00004,,Transferred,2025-05-20,DC MCB 2P 550VDC 63A,PV,4602503000000383157,20.00,0.000000,FPV-63,Each,Head Office,Johor
4602503000011091035,2025-03-20,TO-00004,,Transferred,2025-05-20,DC SPD 2P 600VDC 20~40KA,PV,4602503000006548021,20.00,0.000000,FSP-D40-600,Each,Head Office,Johor
4602503000011091035,2025-03-20,TO-00004,,Transferred,2025-05-20,AC MCB 4P 400VAC 63A,,4602503000000383201,14.00,0.000000,FE7-63,Each,Head Office,Johor
4602503000011091035,2025-03-20,TO-00004,,Transferred,2025-05-20,AC MCB 2P 400VAC 63A,,4602503000000549884,10.00,0.000000,FE7-63-2P,Each,Head Office,Johor
4602503000011091035,2025-03-20,TO-00004,,Transferred,2025-05-20,AC SPD 4P 420VAC 20~40KA,PV,4602503000000383212,14.00,0.000000,FSP-A40,Each,Head Office,Johor
4602503000011091035,2025-03-20,TO-00004,,Transferred,2025-05-20,DIGITAL ENERGY METER - 3 PHASE 4P 3X220/380V,PV,4602503000000383223,8.00,0.000000,DTM024,Each,Head Office,Johor
4602503000011091035,2025-03-20,TO-00004,,Transferred,2025-05-20,DIGITAL ENERGY METER - 1 PHASE 2P 2X220V,PV,4602503000000383234,6.00,0.000000,DDM15SD,Each,Head Office,Johor
4602503000011091035,2025-03-20,TO-00004,,Transferred,2025-05-20,Combiner box 2 row 28 ways,,4602503000000451530,10.00,29.000000,DB-2R-28WAYS,Each,Head Office,Johor
4602503000011091035,2025-03-20,TO-00004,,Transferred,2025-05-20,DC CABLE - Fireproof 1C x 4mm^2 (1000 meters / Drum) Black,,4602503000002163703,2000.00,24.000000,T-453,m,Head Office,Johor
4602503000011091035,2025-03-20,TO-00004,,Transferred,2025-05-20,AC wire 6mmx100m BLACK,,4602503000000451508,16.00,210.000000,AC-WIRE-06-B,rolls,Head Office,Johor
4602503000011091035,2025-03-20,TO-00004,,Transferred,2025-05-20,"AC WIRE, 6mmx100m, GREEN",,4602503000006076005,18.00,0.000000,AC-WIRE-6-G,rolls,Head Office,Johor
4602503000011091035,2025-03-20,TO-00004,,Transferred,2025-05-20,"FLEXIBLE GI CONDUIT PVC COATED 1"" X 30M",,4602503000000451596,16.00,0.000000,"FLX-GI-PVC-1""",rolls,Head Office,Johor
4602503000011091035,2025-03-20,TO-00004,,Transferred,2025-05-20,"PVC CASING 2"" x 2"" x 6 FT",,4602503000002764011,30.00,8.500000,T-478,PCS,Head Office,Johor
4602503000011091035,2025-03-20,TO-00004,,Transferred,2025-05-20,SOLIS 5KW SINGLE-PHASE DUAL MPPT STRING INVERTER,"10 years product warranty
with 1P doggle ",4602503000000203039,1.00,2700.000000,S6-GR1P5K,Each,Head Office,Johor
4602503000011091035,2025-03-20,TO-00004,,Transferred,2025-05-20,SOLIS 8KW 3-PHASE DUAL MPPT STRING INVERTER,"10 years product warranty
with 3P doggle ",4602503000000105022,1.00,4680.000000,S5-GR3P8K,Each,Head Office,Johor
4602503000011091035,2025-03-20,TO-00004,,Transferred,2025-05-20,SOLIS 12KW 3-PHASE DUAL MPPT STRING INVERTER,"10 years product warranty
with 3P doggle ",4602503000000203083,6.00,5120.000000,S5-GR3P12K,Each,Head Office,Johor
4602503000011091035,2025-03-20,TO-00004,,Transferred,2025-05-20,"NUT SS304, M8",,4602503000000620700,830.00,0.000000,PART-000043,pcs,Head Office,Johor
4602503000011091035,2025-03-20,TO-00004,,Transferred,2025-05-20,"BOLT - SS304, M8 X 20MM X 1.25MM",,4602503000000620689,830.00,0.000000,PART-000012,pcs,Head Office,Johor
4602503000011091035,2025-03-20,TO-00004,,Transferred,2025-05-20,S/S A2 Flat Washer M8(8.5 x 22OD x 1.5mm),,4602503000005320104,1660.00,0.000000,SKU-M8-01,pcs,Head Office,Johor
4602503000011091035,2025-03-20,TO-00004,,Transferred,2025-05-20,Solar connector 1000V 6mm^2,,4602503000002116884,100.00,0.000000,FMC4,Each,Head Office,Johor
4602503000011091035,2025-03-20,TO-00004,,Transferred,2025-05-20,APSYSTEMS MICRO INVERTER QT2 2 kW 4 PANEL 3 PHASE,12 years product warranty,4602503000002944049,3.00,1100.000000,D-3P-QT2-4T-1,Each,Head Office,Johor
4602503000011091035,2025-03-20,TO-00004,,Transferred,2025-05-20,"AP system Bus Cable 3phase 5c (4mm2, H07,2.4m)",,4602503000003410047,3.00,65.550000,SKU-APCUT-02,pcs,Head Office,Johor
4602503000011091035,2025-03-20,TO-00004,,Transferred,2025-05-20,AP SYSTEM BUS CABLE 5C END CAP (TWO SEALS),,4602503000003410060,3.00,17.600000,SKU-APBC-03,pcs,Head Office,Johor
4602503000011091035,2025-03-20,TO-00004,,Transferred,2025-05-20,"APsystems AC Connector (5C,40A,male)",,4602503000003410106,3.00,17.600000,SKU-APAC-01,pcs,Head Office,Johor
4602503000011091035,2025-03-20,TO-00004,,Transferred,2025-05-20,"APsystems AC Connector (5C 40A, female)",,4602503000006823089,3.00,0.000000,AP-AC-5C40AF,pcs,Head Office,Johor
4602503000011091035,2025-03-20,TO-00004,,Transferred,2025-05-20,APSYSTEMS MICRO INVERTER DS3D 2 kW 4 PANEL 1 PHASE,12 years product warranty,4602503000002944036,14.00,704.000000,D-1P-DS3D-4T-1,Each,Head Office,Johor
4602503000011091035,2025-03-20,TO-00004,,Transferred,2025-05-20,"AP Systems Single Phase Bus Cable (4mm2, H07,2.4m)",,4602503000003673021,14.00,66.000000,SKU-APSP-01,pcs,Head Office,Johor
4602503000011091035,2025-03-20,TO-00004,,Transferred,2025-05-20,APsystems 3/4-wire Bus Cable End Cap,,4602503000002944076,3.00,17.600000,AP-WEC-01,Each,Head Office,Johor
4602503000011091035,2025-03-20,TO-00004,,Transferred,2025-05-20,"AC Connector (3 core , two seals, male)",,4602503000003673047,3.00,17.600000,SKU-APAC-02,pcs,Head Office,Johor
4602503000011091035,2025-03-20,TO-00004,,Transferred,2025-05-20,"AC Connector (3 core, two seals, female)",,4602503000003673056,3.00,17.600000,SKU-APAC-03,pcs,Head Office,Johor
4602503000011091035,2025-03-20,TO-00004,,Transferred,2025-05-20,APsystems Energy Communication Unit R,,4602503000002944107,3.00,506.000000,ECU-R,Each,Head Office,Johor
4602503000011091035,2025-03-20,TO-00004,,Transferred,2025-05-20,APsystems Y Bus Cable Unlock Tool,,4602503000002944098,3.00,4.400000,APCUT-01,Each,Head Office,Johor
4602503000011091035,2025-03-20,TO-00004,,Transferred,2025-05-20,SOLARSPACE 590W BI FACIAL PV MODULE,"15 years product warranty, 30 years linear power warranty",4602503000001328075,190.00,2284.480000,D-SS8-72HD-590N,pcs,Head Office,Johor
4602503000011881069,2025-04-09,TO-00006,SOLAR PV INSTALLATION - JB,Transferred,2025-04-10,SOLARSPACE 620W N-TOPCON BI FACIAL PV MODULE,"15 YEARS PRODUCT WARRANTY, 30 YEARS LINEAR POWER WARRANTY",4602503000008753998,288.00,0.000000,SSA-66HD-620N,Unit,Head Office,Johor
4602503000011881069,2025-04-09,TO-00006,SOLAR PV INSTALLATION - JB,Transferred,2025-04-10,SOLIS 6KW 3-PHASE DUAL MPPT STRING INVERTER,10 years product warranty,4602503000000203061,2.00,4290.000000,S5-GR3P6K,Each,Head Office,Johor
4602503000011881069,2025-04-09,TO-00006,SOLAR PV INSTALLATION - JB,Transferred,2025-04-10,SOLIS 8KW 3-PHASE DUAL MPPT STRING INVERTER,10 years product warranty,4602503000000105022,2.00,4680.000000,S5-GR3P8K,Each,Head Office,Johor
4602503000011881069,2025-04-09,TO-00006,SOLAR PV INSTALLATION - JB,Transferred,2025-04-10,SOLIS 10KW 3-PHASE DUAL MPPT STRING INVERTER,10 years product warranty,4602503000000203072,3.00,5060.000000,S5-GR3P10K,Each,Head Office,Johor
4602503000011881069,2025-04-09,TO-00006,SOLAR PV INSTALLATION - JB,Transferred,2025-04-10,SOLIS 12KW 3-PHASE DUAL MPPT STRING INVERTER,10 years product warranty,4602503000000203083,4.00,5120.000000,S5-GR3P12K,Each,Head Office,Johor
4602503000011881069,2025-04-09,TO-00006,SOLAR PV INSTALLATION - JB,Transferred,2025-04-10,Rail SLR-R02-Light 2600mm,,4602503000010885279,500.00,0.000000,SLR-2600mm,pcs,Head Office,Johor
4602503000011881069,2025-04-09,TO-00006,SOLAR PV INSTALLATION - JB,Transferred,2025-04-10,END CLAMP 30MM,,4602503000004890232,350.00,1.600000,SLR-EC-30-D,pcs,Head Office,Johor
4602503000011881069,2025-04-09,TO-00006,SOLAR PV INSTALLATION - JB,Transferred,2025-04-10,MID CLAMP 30MM,,4602503000004890203,350.00,1.800000,SLR-MC-30-D,pcs,Head Office,Johor
4602503000011881069,2025-04-09,TO-00006,SOLAR PV INSTALLATION - JB,Transferred,2025-04-10,TILE HOOK #01,,4602503000004890317,450.00,12.900000,SLR-CTH-01,Each,Head Office,Johor
4602503000011881069,2025-04-09,TO-00006,SOLAR PV INSTALLATION - JB,Transferred,2025-04-10,Rail Splice,,4602503000004890174,250.00,3.900000,SLR-RS-01-L-D,Each,Head Office,Johor
4602503000011881069,2025-04-09,TO-00006,SOLAR PV INSTALLATION - JB,Transferred,2025-04-10,DC FUSE 1P 1000VDC 20A FUSE LINK + HOLDER,PV,4602503000000383190,22.00,0.000000,FDS-32B,Each,Head Office,Johor
4602503000011881069,2025-04-09,TO-00006,SOLAR PV INSTALLATION - JB,Transferred,2025-04-10,DC FUSE 1P 1000VDC 20A FUSE,PV,4602503000000549873,22.00,0.000000,FDS-32,Each,Head Office,Johor
4602503000011881069,2025-04-09,TO-00006,SOLAR PV INSTALLATION - JB,Transferred,2025-04-10,DC MCB 2P 800VDC 63A,PV,4602503000006548054,22.00,0.000000,FPV-63-800,Each,Head Office,Johor
4602503000011881069,2025-04-09,TO-00006,SOLAR PV INSTALLATION - JB,Transferred,2025-04-10,DC SPD 2P 800VDC 20~40KA,PV,4602503000000383179,22.00,0.000000,FSP-D40,Each,Head Office,Johor
4602503000011881069,2025-04-09,TO-00006,SOLAR PV INSTALLATION - JB,Transferred,2025-04-10,AC MCB 4P 400V 40A,,4602503000007722063,10.00,0.000000,FE7-63-400,pcs,Head Office,Johor
4602503000011881069,2025-04-09,TO-00006,SOLAR PV INSTALLATION - JB,Transferred,2025-04-10,AC MCB 2P 240V 40A,,4602503000007722054,6.00,0.000000,FE7-63-240,pcs,Head Office,Johor
4602503000011881069,2025-04-09,TO-00006,SOLAR PV INSTALLATION - JB,Transferred,2025-04-10,AC SPD 4P 420VAC 20~40KA,PV,4602503000000383212,11.00,0.000000,FSP-A40,Each,Head Office,Johor
4602503000011881069,2025-04-09,TO-00006,SOLAR PV INSTALLATION - JB,Transferred,2025-04-10,AC SPD 4P 275VAC 20~40KA,PV,4602503000006548087,4.00,0.000000,FSP-A40-275,Each,Head Office,Johor
4602503000011881069,2025-04-09,TO-00006,SOLAR PV INSTALLATION - JB,Transferred,2025-04-10,DIGITAL ENERGY METER - 3 PHASE 4P 3X220/380V,PV,4602503000000383223,11.00,0.000000,DTM024,Each,Head Office,Johor
4602503000011881069,2025-04-09,TO-00006,SOLAR PV INSTALLATION - JB,Transferred,2025-04-10,Combiner box 2 row 28 ways,,4602503000000451530,8.00,29.000000,DB-2R-28WAYS,Each,Head Office,Johor
4602503000011881069,2025-04-09,TO-00006,SOLAR PV INSTALLATION - JB,Transferred,2025-04-10,DC CABLE - Fireproof 1C x 4mm^2 (1000 meters / Drum) Black,,4602503000002163703,3000.00,24.000000,T-453,m,Head Office,Johor
4602503000011881069,2025-04-09,TO-00006,SOLAR PV INSTALLATION - JB,Transferred,2025-04-10,AC wire 6mmx100m BLACK,,4602503000000451508,27.00,210.000000,AC-WIRE-06-B,rolls,Head Office,Johor
4602503000011881069,2025-04-09,TO-00006,SOLAR PV INSTALLATION - JB,Transferred,2025-04-10,"AC WIRE, 6mmx100m, GREEN",,4602503000006076005,32.00,0.000000,AC-WIRE-6-G,rolls,Head Office,Johor
4602503000011881069,2025-04-09,TO-00006,SOLAR PV INSTALLATION - JB,Transferred,2025-04-10,"FLEXIBLE GI CONDUIT PVC COATED 1"" X 30M",,4602503000000451596,5.00,0.000000,"FLX-GI-PVC-1""",rolls,Head Office,Johor
4602503000011881069,2025-04-09,TO-00006,SOLAR PV INSTALLATION - JB,Transferred,2025-04-10,"1"" PVC Flex Conduit Black- 20meter",,4602503000000451607,5.00,18.500000,"FLX-PVC-1""",rolls,Head Office,Johor
4602503000011881069,2025-04-09,TO-00006,SOLAR PV INSTALLATION - JB,Transferred,2025-04-10,"HDG TRUNKING 2"" X 2"" X L8",,4602503000002116893,20.00,0.000000,CO-SD-53,Each,Head Office,Johor
4602503000011881069,2025-04-09,TO-00006,SOLAR PV INSTALLATION - JB,Transferred,2025-04-10,"PVC CASING 2"" x 2"" x 6 FT",,4602503000002764011,30.00,8.500000,T-478,PCS,Head Office,Johor
4602503000011881069,2025-04-09,TO-00006,SOLAR PV INSTALLATION - JB,Transferred,2025-04-10,Female Adaptor PVC 1'',,4602503000002163596,100.00,0.450000,T-438,pcs,Head Office,Johor
4602503000011881069,2025-04-09,TO-00006,SOLAR PV INSTALLATION - JB,Transferred,2025-04-10,WIFI STICK,"3 phase SOLIS WiFi dongle

total needs: 11 pcs",4602503000009106030,4.00,0.000000,Wi-Sk,pcs,Head Office,Johor
4602503000011881069,2025-04-09,TO-00006,SOLAR PV INSTALLATION - JB,Transferred,2025-04-10,Solar connector 1000V 6mm^2,Female & Male (set),4602503000002116884,100.00,0.000000,FMC4,Each,Head Office,Johor
4602503000011881069,2025-04-09,TO-00006,SOLAR PV INSTALLATION - JB,Transferred,2025-04-10,KLIP-LOK #17,,4602503000004179105,400.00,6.000000,KL-01,pcs,Head Office,Johor
4602503000011881069,2025-04-09,TO-00006,SOLAR PV INSTALLATION - JB,Transferred,2025-04-10,KLIP-LOK 406 Roof Hook,PV,4602503000000383344,400.00,4.928000,KS-HK-S08-02,Each,Head Office,Johor
4602503000011881069,2025-04-09,TO-00006,SOLAR PV INSTALLATION - JB,Transferred,2025-04-10,L FEET 21# with bolt M8 x 25 and nut,SLR-MRH-L5-5-D,4602503000000451816,800.00,3.160000,KS-HK-121-02,Each,Head Office,Johor
4602503000011881069,2025-04-09,TO-00006,SOLAR PV INSTALLATION - JB,Transferred,2025-04-10,"SILICON SEALANT - NEUTRAL CURE, BLACK",,4602503000000616503,25.00,0.000000,T-0255,Each,Head Office,Johor
4602503000013028001,2025-04-25,TO-00007,,Transferred,2025-05-20,SOLARSPACE 590W BI FACIAL PV MODULE,"15 years product warranty, 30 years linear power warranty",4602503000001328075,94.00,2284.480000,D-SS8-72HD-590N,pcs,Head Office,Johor
4602503000013028001,2025-04-25,TO-00007,,Transferred,2025-05-20,SOLIS 8KW 3-PHASE DUAL MPPT STRING INVERTER,10 years product warranty,4602503000000105022,1.00,4680.000000,S5-GR3P8K,Each,Head Office,Johor
4602503000013028001,2025-04-25,TO-00007,,Transferred,2025-05-20,Solar connector 1000V 6mm^2,,4602503000002116884,100.00,0.000000,FMC4,Each,Head Office,Johor
4602503000013028001,2025-04-25,TO-00007,,Transferred,2025-05-20,Rail SLR-R02-Light 2600mm,,4602503000010885279,200.00,0.000000,SLR-2600mm,pcs,Head Office,Johor
4602503000013028001,2025-04-25,TO-00007,,Transferred,2025-05-20,END CLAMP 30MM,,4602503000004890232,250.00,1.600000,SLR-EC-30-D,pcs,Head Office,Johor
4602503000013028001,2025-04-25,TO-00007,,Transferred,2025-05-20,MID CLAMP 30MM,,4602503000004890203,250.00,1.800000,SLR-MC-30-D,pcs,Head Office,Johor
4602503000013028001,2025-04-25,TO-00007,,Transferred,2025-05-20,TILE HOOK #01,,4602503000004890317,200.00,12.900000,SLR-CTH-01,Each,Head Office,Johor
4602503000013028001,2025-04-25,TO-00007,,Transferred,2025-05-20,"L feet (8.5 hole) with bolt, nuts & washers",GM-MRH-L5-5-D,4602503000000383333,250.00,3.520000,KS-HK-L21-02,Each,Head Office,Johor
4602503000013028001,2025-04-25,TO-00007,,Transferred,2025-05-20,DC FUSE 1P 1000VDC 20A FUSE LINK + HOLDER,PV,4602503000000383190,20.00,0.000000,FDS-32B,Each,Head Office,Johor
4602503000013028001,2025-04-25,TO-00007,,Transferred,2025-05-20,DC FUSE 1P 1000VDC 20A FUSE,,4602503000000549873,20.00,0.000000,FDS-32,Each,Head Office,Johor
4602503000013028001,2025-04-25,TO-00007,,Transferred,2025-05-20,DC MCB 2P 550VDC 63A,PV,4602503000000383157,20.00,0.000000,FPV-63,Each,Head Office,Johor
4602503000013028001,2025-04-25,TO-00007,,Transferred,2025-05-20,DC SPD 2P 600VDC 20~40KA,PV,4602503000006548021,20.00,0.000000,FSP-D40-600,Each,Head Office,Johor
4602503000013028001,2025-04-25,TO-00007,,Transferred,2025-05-20,AC MCB 4P 400VAC 63A,,4602503000000383201,15.00,0.000000,FE7-63,Each,Head Office,Johor
4602503000013028001,2025-04-25,TO-00007,,Transferred,2025-05-20,AC SPD 4P 420VAC 20~40KA,PV,4602503000000383212,5.00,0.000000,FSP-A40,Each,Head Office,Johor
4602503000013028001,2025-04-25,TO-00007,,Transferred,2025-05-20,DIGITAL ENERGY METER - 3 PHASE 4P 3X220/380V,PV,4602503000000383223,5.00,0.000000,DTM024,Each,Head Office,Johor
4602503000013028001,2025-04-25,TO-00007,,Transferred,2025-05-20,DIGITAL ENERGY METER - 1 PHASE 2P 2X220V,PV,4602503000000383234,5.00,0.000000,DDM15SD,Each,Head Office,Johor
4602503000013028001,2025-04-25,TO-00007,,Transferred,2025-05-20,Combiner box 2 row 28 ways,,4602503000000451530,5.00,29.000000,DB-2R-28WAYS,Each,Head Office,Johor
4602503000013028001,2025-04-25,TO-00007,,Transferred,2025-05-20,DC CABLE - Fireproof 1C x 4mm^2 (1000 meters / Drum) Black,,4602503000002163703,1000.00,24.000000,T-453,m,Head Office,Johor
4602503000013028001,2025-04-25,TO-00007,,Transferred,2025-05-20,AC wire 6mmx100m BLACK,,4602503000000451508,10.00,210.000000,AC-WIRE-06-B,rolls,Head Office,Johor
4602503000013028001,2025-04-25,TO-00007,,Transferred,2025-05-20,"AC WIRE, 6mmx100m, GREEN",,4602503000006076005,14.00,0.000000,AC-WIRE-6-G,rolls,Head Office,Johor
4602503000013028001,2025-04-25,TO-00007,,Transferred,2025-05-20,SOLIS 10KW 3-PHASE DUAL MPPT STRING INVERTER,10 years product warranty,4602503000000203072,1.00,5060.000000,S5-GR3P10K,Each,Head Office,Johor
4602503000013028001,2025-04-25,TO-00007,,Transferred,2025-05-20,KLIP-LOK #17,,4602503000004179105,200.00,6.000000,KL-01,pcs,Head Office,Johor
4602503000013028001,2025-04-25,TO-00007,,Transferred,2025-05-20,KLIPLOCK #32 UNIVERSAL,,4602503000005199555,200.00,6.500000,SLR-MRH-32-D,Each,Head Office,Johor
4602503000013028001,2025-04-25,TO-00007,,Transferred,2025-05-20,GROWATT 6KW 3P 2MPPT S.INVERTER,"10 Years Product Warranty 
Wifi Serial No. XGD6EX80KW XGD6EX80RC 
",4602503000010599127,2.00,3370.000000,MOD6000TL3-X2,Each,Head Office,Johor
4602503000013028001,2025-04-25,TO-00007,,Transferred,2025-05-20,GROWATT 10KW 3P 2MPPT S.INVERTER,"10 Years Product Warranty 
Wifi Serial No. XGD6E7C61H XGD6E7C61J",4602503000010628016,2.00,3525.000000,MOD10KTL3-X2,Each,Head Office,Johor
4602503000013028001,2025-04-25,TO-00007,,Transferred,2025-05-20,GROWATT 5KW 1P 2MPPT S.INVERTER,"10 Years Product Warranty 
Wifi Serial No. XGD6E9K0TN",4602503000010599097,1.00,1970.000000,MIN5000TL-X2,Each,Head Office,Johor
4602503000013702001,2025-05-07,TO-00008,Sum MFG (M) Sdn Bhd installation,Draft,,PV Install Kit Klip-Lok 700 Portrait 8/R,,4602503000005323071,30.00,464.880000,D-IKPVKL700P-8,Each,Head Office,Johor
4602503000013702001,2025-05-07,TO-00008,Sum MFG (M) Sdn Bhd installation,Draft,,Solarspace 620W N-Topcon Bi Facial PV Module,"15 YEARS PRODUCT WARRANTY, 30 YEARS LINEAR POWER WARRANTY",4602503000008753998,239.00,0.000000,SSA-66HD-620N,Unit,Head Office,Johor
4602503000013732360,2025-05-09,TO-00009,,Transferred,2025-05-20,"SUMMER SOLAR WATER HEATER TANK, 300L, GVAL","GVAL, SS304",4602503000004837171,10.00,1116.440000,COMP-005659,pcs,Head Office,Johor
4602503000013732360,2025-05-09,TO-00009,,Transferred,2025-05-20,"Summer Solar Collector, CX BlACk, ZnAl",,4602503000000447317,20.00,529.860000,COMP-008035,pcs,Head Office,Johor
4602503000013732360,2025-05-09,TO-00009,,Transferred,2025-05-20,"PART KIT, 300L, DIRECT, CARTON",,4602503000000446217,10.00,0.000000,COMP-005628,Each,Head Office,Johor
4602503000013732360,2025-05-09,TO-00009,,Transferred,2025-05-20,"CARTON SUMMER, 300L / 66G, T515MM X W515MM X L2330MM",,4602503000000449651,10.00,49.350000,PKG-000017,Each,Head Office,Johor
4602503000013732360,2025-05-09,TO-00009,,Transferred,2025-05-20,"CARTON COLLECTOR, T85MM X W255MM X L1015MM",,4602503000000618635,40.00,1.790000,PKG-000013,Each,Head Office,Johor
4602503000014108023,2025-05-16,TO-00010,SOLAR PV INSTALLATION,Transferred,2025-05-20,"FLEXIBLE GI CONDUIT PVC COATED 1"" X 30M",,4602503000000451596,20.00,0.000000,"FLX-GI-PVC-1""",pcs,Head Office,Johor
4602503000014108023,2025-05-16,TO-00010,SOLAR PV INSTALLATION,Transferred,2025-05-20,"1"" PVC Flex Conduit Black- 20meter",,4602503000000451607,10.00,18.500000,"FLX-PVC-1""",pcs,Head Office,Johor
4602503000014108023,2025-05-16,TO-00010,SOLAR PV INSTALLATION,Transferred,2025-05-20,"PVC CASING 2"" x 2"" x 6 FT",,4602503000002764011,20.00,8.500000,T-478,pcs,Head Office,Johor
4602503000014108023,2025-05-16,TO-00010,SOLAR PV INSTALLATION,Transferred,2025-05-20,AC wire 6mmx100m BLACK,,4602503000000451508,10.00,210.000000,AC-WIRE-06-B,pcs,Head Office,Johor
4602503000014108023,2025-05-16,TO-00010,SOLAR PV INSTALLATION,Transferred,2025-05-20,"AC WIRE, 6mmx100m, GREEN",,4602503000006076005,14.00,0.000000,AC-WIRE-6-G,pcs,Head Office,Johor
4602503000014108023,2025-05-16,TO-00010,SOLAR PV INSTALLATION,Transferred,2025-05-20,AC Wire 10mmx100M,,4602503000000451519,1.00,365.000000,AC-WIRE-10,Each,Head Office,Johor
4602503000014108023,2025-05-16,TO-00010,SOLAR PV INSTALLATION,Transferred,2025-05-20,Growatt 10kW 3P 2MPPT S.Inverter,10 Years Product Warranty,4602503000010628016,1.00,3525.000000,MOD10KTL3-X2,Each,Head Office,Johor
4602503000014108023,2025-05-16,TO-00010,SOLAR PV INSTALLATION,Transferred,2025-05-20,Growatt 5kW 1P 2MPPT S.Inverter,10 Years Product Warranty,4602503000010599097,1.00,1970.000000,MIN5000TL-X2,Each,Head Office,Johor
4602503000014108023,2025-05-16,TO-00010,SOLAR PV INSTALLATION,Transferred,2025-05-20,Solarspace 620W N-Topcon Bi Facial PV Module,"15 YEARS PRODUCT WARRANTY, 30 YEARS LINEAR POWER WARRANTY",4602503000008753998,88.00,0.000000,SSA-66HD-620N,pcs,Head Office,Johor
4602503000014108023,2025-05-16,TO-00010,SOLAR PV INSTALLATION,Transferred,2025-05-20,Rail Splice,,4602503000004890174,400.00,3.900000,SLR-RS-01-L-D,Each,Head Office,Johor
4602503000014108023,2025-05-16,TO-00010,SOLAR PV INSTALLATION,Transferred,2025-05-20,Rail SLR-R02-Light 2600mm,,4602503000010885279,200.00,0.000000,SLR-2600mm,pcs,Head Office,Johor
4602503000014108023,2025-05-16,TO-00010,SOLAR PV INSTALLATION,Transferred,2025-05-20,END CLAMP 30MM SLR-EC-30-D ( AL6005-T5 / SUS 304 ),,4602503000004890232,100.00,1.600000,SLR-EC-30-D,pcs,Head Office,Johor
4602503000014108023,2025-05-16,TO-00010,SOLAR PV INSTALLATION,Transferred,2025-05-20,MID CLAMP 30MM SLR-MC-30-D ( AL6005-T5 / SUS 304 ),,4602503000004890203,100.00,1.800000,SLR-MC-30-D,pcs,Head Office,Johor
4602503000014108023,2025-05-16,TO-00010,SOLAR PV INSTALLATION,Transferred,2025-05-20,TILE HOOK #01-SLR-CTH-01 ( AL6005-5 / SUS 304 ) - POTRAIT,,4602503000004890317,200.00,12.900000,SLR-CTH-01,pcs,Head Office,Johor
4602503000014108023,2025-05-16,TO-00010,SOLAR PV INSTALLATION,Transferred,2025-05-20,1000V Holder with LED,PV,4602503000000383190,24.00,0.000000,FDS-32B,pcs,Head Office,Johor
4602503000014108023,2025-05-16,TO-00010,SOLAR PV INSTALLATION,Transferred,2025-05-20,20A 1000VDC Fuse Link,,4602503000000549873,24.00,0.000000,FDS-32,pcs,Head Office,Johor
4602503000014108023,2025-05-16,TO-00010,SOLAR PV INSTALLATION,Transferred,2025-05-20,2P 63A 550VDC,PV,4602503000000383157,24.00,0.000000,FPV-63,pcs,Head Office,Johor
4602503000014108023,2025-05-16,TO-00010,SOLAR PV INSTALLATION,Transferred,2025-05-20,2P 600 VDC 20~40KA SPD,PV,4602503000006548021,24.00,0.000000,FSP-D40-600,pcs,Head Office,Johor
4602503000014108023,2025-05-16,TO-00010,SOLAR PV INSTALLATION,Transferred,2025-05-20,4P 63A MCB,,4602503000000383201,20.00,0.000000,FE7-63,pcs,Head Office,Johor
4602503000014108023,2025-05-16,TO-00010,SOLAR PV INSTALLATION,Transferred,2025-05-20,4P 20~40KA 420 VAC SPD,PV,4602503000000383212,20.00,0.000000,FSP-A40,pcs,Head Office,Johor
4602503000014108023,2025-05-16,TO-00010,SOLAR PV INSTALLATION,Transferred,2025-05-20,2P 20~40KA 275 VAC SPD,PV,4602503000006548087,5.00,0.000000,FSP-A40-275,pcs,Head Office,Johor
4602503000014108023,2025-05-16,TO-00010,SOLAR PV INSTALLATION,Transferred,2025-05-20,3 Phase meter,PV,4602503000000383223,8.00,0.000000,DTM024,pcs,Head Office,Johor
4602503000014108023,2025-05-16,TO-00010,SOLAR PV INSTALLATION,Transferred,2025-05-20,1 Phase meter,PV,4602503000000383234,6.00,0.000000,DDM15SD,pcs,Head Office,Johor
4602503000014108023,2025-05-16,TO-00010,SOLAR PV INSTALLATION,Transferred,2025-05-20,Combiner box 2 row 28 ways,,4602503000000451530,8.00,29.000000,DB-2R-28WAYS,pcs,Head Office,Johor
4602503000014108023,2025-05-16,TO-00010,SOLAR PV INSTALLATION,Transferred,2025-05-20,Combiner Box 1 Row 8.5 Ways,,4602503000006710210,1.00,29.000000,DB-1R-8.5WAYS,Each,Head Office,Johor
4602503000014108023,2025-05-16,TO-00010,SOLAR PV INSTALLATION,Transferred,2025-05-20,DC CABLE - Fireproof 1C x 4mm^2 (1000 meters / Drum) Black,,4602503000002163703,2000.00,24.000000,T-453,pcs,Head Office,Johor
4602503000014108023,2025-05-16,TO-00010,SOLAR PV INSTALLATION,Transferred,2025-05-20,"HDG TRUNKING 2"" X 2"" X L8",,4602503000002116893,20.00,0.000000,CO-SD-53,pcs,Head Office,Johor
4602503000014108023,2025-05-16,TO-00010,SOLAR PV INSTALLATION,Transferred,2025-05-20,Pipe PVC 10FT,,4602503000002163805,30.00,0.000000,T-463,pcs,Head Office,Johor
4602503000014108023,2025-05-16,TO-00010,SOLAR PV INSTALLATION,Transferred,2025-05-20,SOLIS 17KW 3-PHASE DUAL MPPT STRING INVERTER,10 years product warranty,4602503000000340115,1.00,5720.000000,S5-GR3P17K,pcs,Head Office,Johor
4602503000014108023,2025-05-16,TO-00010,SOLAR PV INSTALLATION,Transferred,2025-05-20,APSYSTEMS Micro Inverter QT2D 3.6 kW 8 Panel 3 Phase,12 years product warranty,4602503000002944058,4.00,0.000000,D-3P-QT2D-8T-1,Each,Head Office,Johor
4602503000014108023,2025-05-16,TO-00010,SOLAR PV INSTALLATION,Transferred,2025-05-20,"AP system Bus Cable 3phase 5c (4mm2, H07,2.4m)",,4602503000003410047,5.00,65.550000,SKU-APCUT-02,pcs,Head Office,Johor
4602503000014108023,2025-05-16,TO-00010,SOLAR PV INSTALLATION,Transferred,2025-05-20,AP SYSTEM BUS CABLE 5C END CAP (TWO SEALS),,4602503000003410060,3.00,17.600000,SKU-APBC-03,pcs,Head Office,Johor
4602503000014108023,2025-05-16,TO-00010,SOLAR PV INSTALLATION,Transferred,2025-05-20,"APsystems AC Connector (5C 40A, female)",,4602503000006823089,5.00,0.000000,AP-AC-5C40AF,pcs,Head Office,Johor
4602503000014108023,2025-05-16,TO-00010,SOLAR PV INSTALLATION,Transferred,2025-05-20,KLIP-LOK 700 Roof Hook  (L-Type),,4602503000004179105,200.00,6.000000,KL-01,pcs,Head Office,Johor
4602503000014108023,2025-05-16,TO-00010,SOLAR PV INSTALLATION,Transferred,2025-05-20,KLIP-LOK 406 Roof Hook,PV,4602503000000383344,200.00,4.928000,KS-HK-S08-02,Each,Head Office,Johor
4602503000014108023,2025-05-16,TO-00010,SOLAR PV INSTALLATION,Transferred,2025-05-20,L Feet 21# with Bolt M8 x 25 and Nut,PV,4602503000000383333,200.00,3.520000,KS-HK-L21-02,pcs,Head Office,Johor
4602503000014194194,2025-05-20,TO-00011,"Send to Johor for PV installation..
Fatin requested",Transferred,2025-05-23,APsystems Energy Communication Unit R,,4602503000002944107,2.00,506.000000,ECU-R,pcs,Head Office,Johor
4602503000014731168,2025-06-04,TO-00012,,Draft,,1000V 4mm^2 solar connector,sum mfg site,4602503000002116884,300.00,0.000000,FMC4,pcs,Head Office,Johor
4602503000014731168,2025-06-04,TO-00012,,Draft,,DC CABLE - Fireproof 1C x 4mm^2 (1000 meters / Drum) Black,sum mfg site,4602503000002163703,2.00,24.000000,T-453,pcs,Head Office,Johor
4602503000014731168,2025-06-04,TO-00012,,Draft,,"FLEXIBLE GI CONDUIT PVC COATED 1"" X 30M",,4602503000000451596,15.00,0.000000,"FLX-GI-PVC-1""",pcs,Head Office,Johor
4602503000014731168,2025-06-04,TO-00012,,Draft,,"HDG Trunking 2"" X 4"" X L8'",,4602503000002163899,64.00,70.000000,T-472,Each,Head Office,Johor
4602503000014731168,2025-06-04,TO-00012,,Draft,,Silicon - Non Alcohol & Acid(Black) (792N; Allyseal),,4602503000000616503,50.00,0.000000,T-0255,pcs,Head Office,Johor
4602503000014731168,2025-06-04,TO-00012,,Draft,,Silicon - Non Alcohol & Acid(White) (VT-226),,4602503000000623441,50.00,0.000000,T-405,pcs,Head Office,Johor
4602503000014731168,2025-06-04,TO-00012,,Draft,,Wire Tape 5 Mil x 18mm x 5M (Black),,4602503000002163832,30.00,0.500000,T-466,pcs,Head Office,Johor
4602503000014731168,2025-06-04,TO-00012,,Draft,,Wire Tape 5 Mil x 18mm x 5M (Blue),,4602503000002163841,50.00,0.500000,T-467,pcs,Head Office,Johor
4602503000014731168,2025-06-04,TO-00012,,Draft,,Wire Tape 5 Mil x 18mm x 5M (Red),,4602503000002163850,50.00,0.500000,T-468,pcs,Head Office,Johor
4602503000014731168,2025-06-04,TO-00012,,Draft,,Wire Tape 5 Mil x 18mm x 5M (Yellow),,4602503000002163859,50.00,0.500000,T-469,pcs,Head Office,Johor
4602503000014731168,2025-06-04,TO-00012,,Draft,,APSYSTEMS MICRO INVERTER QT2 2 kW 3P4P,25 years product warranty,4602503000012297032,2.00,1100.000000,QT2,pcs,Head Office,Johor
4602503000014731168,2025-06-04,TO-00012,,Draft,,MID CLAMP 30MM SLR-MC-30-D ( AL6005-T5 / SUS 304 ),sbb yg order haritu Salah bagi Jenis yg lain,4602503000004890203,200.00,1.800000,SLR-MC-30-D,pcs,Head Office,Johor
4602503000014731168,2025-06-04,TO-00012,,Draft,,END CLAMP 30MM SLR-EC-30-D ( AL6005-T5 / SUS 304 ),,4602503000004890232,200.00,1.600000,SLR-EC-30-D,pcs,Head Office,Johor
4602503000014731168,2025-06-04,TO-00012,,Draft,,AC cable 10mm2 450v/750v -Black,,4602503000008153057,18.00,0.000000,Cable-10mm,rolls,Head Office,Johor
4602503000014731168,2025-06-04,TO-00012,,Draft,,APSYSTEMS MICRO INVERTER QT2D 3.6 kW 3P8P,25 years product warranty,4602503000012297051,30.00,0.000000,QT2D-H,pcs,Head Office,Johor
4602503000014731168,2025-06-04,TO-00012,,Draft,,"APsystems AC Connector (5C 40A, female)",,4602503000006823089,12.00,0.000000,AP-AC-5C40AF,pcs,Head Office,Johor
4602503000014731168,2025-06-04,TO-00012,,Draft,,"APsystems AC Connector (5C,40A,male)",,4602503000003410106,12.00,17.600000,SKU-APAC-01,pcs,Head Office,Johor
4602503000014731168,2025-06-04,TO-00012,,Draft,,APsystems Y Bus Cable Unlock Tool,,4602503000002944098,5.00,4.400000,APCUT-01,pcs,Head Office,Johor
4602503000014731168,2025-06-04,TO-00012,,Draft,,Earth wire 10mmx100m,,4602503000000451585,10.00,0.000000,EARTH-WIRE-10,Each,Head Office,Johor
4602503000014731168,2025-06-04,TO-00012,,Draft,,"AP system Bus Cable 3phase 5c (4mm2, H07,2.4m)",,4602503000003410047,32.00,65.550000,SKU-APCUT-02,pcs,Head Office,Johor
4602503000014731168,2025-06-04,TO-00012,,Draft,,AP SYSTEM BUS CABLE 5C END CAP (TWO SEALS),,4602503000003410060,12.00,17.600000,SKU-APBC-03,pcs,Head Office,Johor
4602503000014731168,2025-06-04,TO-00012,,Draft,,APsystems Energy Communication Unit R,,4602503000002944107,2.00,506.000000,ECU-R,pcs,Head Office,Johor
4602503000015347013,2025-06-19,TO-00013,new order,Draft,,Growatt 10kW 3P 2MPPT S.Inverter,10 Years Product Warranty,4602503000010628016,1.00,3525.000000,MOD10KTL3-X2,Each,Head Office,Johor
4602503000015347013,2025-06-19,TO-00013,new order,Draft,,APSYSTEMS MICRO INVERTER QT2D 3.6 kW 3P8P,25 years product warranty,4602503000012297051,3.00,0.000000,QT2D-H,pcs,Head Office,Johor
4602503000015347013,2025-06-19,TO-00013,new order,Draft,,APSYSTEMS MICRO INVERTER QT2 2 kW 3P4P,25 years product warranty,4602503000012297032,2.00,1100.000000,QT2,pcs,Head Office,Johor
4602503000015347013,2025-06-19,TO-00013,new order,Draft,,Growatt 12kW 3P 2MPPT S.Inverter,10 Years Product Warranty,4602503000010628031,1.00,3575.000000,MOD12KTL3-X2,Each,Head Office,Johor
4602503000015347013,2025-06-19,TO-00013,new order,Draft,,Solarspace 620W N-Topcon Bi Facial PV Module,"15 YEARS PRODUCT WARRANTY, 30 YEARS LINEAR POWER WARRANTY",4602503000008753998,68.00,0.000000,SSA-66HD-620N,pcs,Head Office,Johor
4602503000015347013,2025-06-19,TO-00013,new order,Draft,,"APsystems AC Connector (5C,40A,male)",,4602503000003410106,2.00,17.600000,SKU-APAC-01,pcs,Head Office,Johor
4602503000015347013,2025-06-19,TO-00013,new order,Draft,,APsystems Energy Communication Unit R,,4602503000002944107,1.00,506.000000,ECU-R,pcs,Head Office,Johor
4602503000015347013,2025-06-19,TO-00013,new order,Draft,,Combiner Box 1 Row 8.5 Ways,,4602503000006710210,2.00,29.000000,DB-1R-8.5WAYS,Each,Head Office,Johor
4602503000015347013,2025-06-19,TO-00013,new order,Draft,,Combiner box 2 row 28 ways,,4602503000000451530,2.00,29.000000,DB-2R-28WAYS,pcs,Head Office,Johor
4602503000015347013,2025-06-19,TO-00013,new order,Draft,,20A 1000VDC Fuse Link,,4602503000000549873,8.00,0.000000,FDS-32,pcs,Head Office,Johor
4602503000015347013,2025-06-19,TO-00013,new order,Draft,,2P 63A 800VDC,PV,4602503000006548054,8.00,0.000000,FPV-63-800,pcs,Head Office,Johor
4602503000015347013,2025-06-19,TO-00013,new order,Draft,,3 Phase meter,PV,4602503000000383223,4.00,0.000000,DTM024,pcs,Head Office,Johor
4602503000015347013,2025-06-19,TO-00013,new order,Draft,,2P 600 VDC 20~40KA SPD,PV,4602503000006548021,8.00,0.000000,FSP-D40-600,pcs,Head Office,Johor
4602503000015347013,2025-06-19,TO-00013,new order,Draft,,4P 20~40KA 420 VAC SPD,PV,4602503000000383212,4.00,0.000000,FSP-A40,pcs,Head Office,Johor
4602503000015347013,2025-06-19,TO-00013,new order,Draft,,4P 63A MCB,,4602503000000383201,4.00,0.000000,FE7-63,pcs,Head Office,Johor
4602503000015347013,2025-06-19,TO-00013,new order,Draft,,"AP system Bus Cable 3phase 5c (4mm2, H07,2.4m)",,4602503000003410047,6.00,65.550000,SKU-APCUT-02,pcs,Head Office,Johor
4602503000015347013,2025-06-19,TO-00013,new order,Draft,,AP SYSTEM BUS CABLE 5 WIRE T-CONN CAP,,4602503000003410069,2.00,13.200000,SKU-APBTC-01,pcs,Head Office,Johor
4602503000015347013,2025-06-19,TO-00013,new order,Draft,,AP SYSTEM BUS CABLE 5C END CAP (TWO SEALS),,4602503000003410060,2.00,17.600000,SKU-APBC-03,pcs,Head Office,Johor
4602503000015347013,2025-06-19,TO-00013,new order,Draft,,AC wire 6mmx100m BLACK,,4602503000000451508,12.00,210.000000,AC-WIRE-06-B,pcs,Head Office,Johor
4602503000015347013,2025-06-19,TO-00013,new order,Draft,,"AC WIRE, 6mmx100m, GREEN",,4602503000006076005,21.00,0.000000,AC-WIRE-6-G,pcs,Head Office,Johor
4602503000015347013,2025-06-19,TO-00013,new order,Draft,,CABLE TIE 300mm,20 pack,4602503000000622261,20.00,0.000000,T-0343,Each,Head Office,Johor
4602503000015347013,2025-06-19,TO-00013,new order,Draft,,KLIP-LOK 700 Roof Hook  (L-Type),,4602503000004179105,100.00,6.000000,KL-01,pcs,Head Office,Johor
4602503000015347013,2025-06-19,TO-00013,new order,Draft,,END CLAMP 30MM SLR-EC-30-D ( AL6005-T5 / SUS 304 ),,4602503000004890232,50.00,1.600000,SLR-EC-30-D,pcs,Head Office,Johor
4602503000015347013,2025-06-19,TO-00013,new order,Draft,,MID CLAMP 30MM SLR-MC-30-D ( AL6005-T5 / SUS 304 ),,4602503000004890203,100.00,1.800000,SLR-MC-30-D,pcs,Head Office,Johor
4602503000015347013,2025-06-19,TO-00013,new order,Draft,,KLIPLOCK #32 UNIVERSAL,,4602503000005199555,30.00,6.500000,SLR-MRH-32-D,pcs,Head Office,Johor
4602503000015347013,2025-06-19,TO-00013,new order,Draft,,"APsystems AC Connector (5C 40A, female)",,4602503000006823089,2.00,0.000000,AP-AC-5C40AF,pcs,Head Office,Johor
4602503000015347013,2025-06-19,TO-00013,new order,Draft,,Rail SLR-R02-Light 2600mm,,4602503000010885279,80.00,0.000000,SLR-2600mm,pcs,Head Office,Johor
4602503000015347013,2025-06-19,TO-00013,new order,Draft,,Rail Splice,,4602503000004890174,80.00,3.900000,SLR-RS-01-L-D,Each,Head Office,Johor
4602503000015347013,2025-06-19,TO-00013,new order,Draft,,AC cable 10mm2 1C,"Black: 21 rolls
Red: 3 rolls
Yellow: 3 rolls
Blue: 3 rolls",4602503000008153057,30.00,0.000000,Cable-10mm,rolls,Head Office,Johor
4602503000015938015,2025-06-30,TO-00014,new order,Draft,,"APsystems AC Connector (5C 40A, female)",,4602503000006823089,2.00,0.000000,AP-AC-5C40AF,pcs,Head Office,Johor
4602503000015938015,2025-06-30,TO-00014,new order,Draft,,"APsystems AC Connector (5C,40A,male)",,4602503000003410106,2.00,17.600000,SKU-APAC-01,pcs,Head Office,Johor
4602503000015938015,2025-06-30,TO-00014,new order,Draft,,APSYSTEMS MICRO INVERTER QT2 2 kW 3P4P,25 years product warranty,4602503000012297032,2.00,1100.000000,QT2,pcs,Head Office,Johor
4602503000015938015,2025-06-30,TO-00014,new order,Draft,,APSYSTEMS MICRO INVERTER QT2D 3.6 kW 3P8P,25 years product warranty,4602503000012297051,4.00,0.000000,QT2D-H,pcs,Head Office,Johor
4602503000015938015,2025-06-30,TO-00014,new order,Draft,,"AP system Bus Cable 3phase 5c (4mm2, H07,2.4m)",,4602503000003410047,6.00,65.550000,SKU-APCUT-02,pcs,Head Office,Johor
4602503000015938015,2025-06-30,TO-00014,new order,Draft,,APsystems Energy Communication Unit R,,4602503000002944107,2.00,506.000000,ECU-R,pcs,Head Office,Johor
4602503000015938015,2025-06-30,TO-00014,new order,Draft,,AC wire 6mmx100m BLACK,14 gulung,4602503000000451508,14.00,210.000000,AC-WIRE-06-B,pcs,Head Office,Johor
4602503000015938015,2025-06-30,TO-00014,new order,Draft,,"AC WIRE, 6mmx100m, GREEN",12 gulung,4602503000006076005,12.00,0.000000,AC-WIRE-6-G,pcs,Head Office,Johor
4602503000015938015,2025-06-30,TO-00014,new order,Draft,,Solarspace 620W N-Topcon Bi Facial PV Module,"15 YEARS PRODUCT WARRANTY, 30 YEARS LINEAR POWER WARRANTY",4602503000008753998,128.00,0.000000,SSA-66HD-620N,pcs,Head Office,Johor
4602503000015938015,2025-06-30,TO-00014,new order,Draft,,MID CLAMP 30MM SLR-MC-30-D ( AL6005-T5 / SUS 304 ),,4602503000004890203,400.00,1.800000,SLR-MC-30-D,pcs,Head Office,Johor
4602503000015938015,2025-06-30,TO-00014,new order,Draft,,END CLAMP 30MM SLR-EC-30-D ( AL6005-T5 / SUS 304 ),,4602503000004890232,300.00,1.600000,SLR-EC-30-D,pcs,Head Office,Johor
4602503000015938015,2025-06-30,TO-00014,new order,Draft,,Rail SLR-R02-Light 2600mm,,4602503000010885279,200.00,0.000000,SLR-2600mm,pcs,Head Office,Johor
4602503000015938015,2025-06-30,TO-00014,new order,Draft,,Rail Splice,,4602503000004890174,250.00,3.900000,SLR-RS-01-L-D,Each,Head Office,Johor
4602503000015938015,2025-06-30,TO-00014,new order,Draft,,1000V Holder with LED,PV,4602503000000383190,20.00,0.000000,FDS-32B,pcs,Head Office,Johor
4602503000015938015,2025-06-30,TO-00014,new order,Draft,,20A 1000VDC Fuse Link,,4602503000000549873,20.00,0.000000,FDS-32,pcs,Head Office,Johor
4602503000015938015,2025-06-30,TO-00014,new order,Draft,,2P 20~40KA 275 VAC SPD,PV,4602503000006548087,20.00,0.000000,FSP-A40-275,pcs,Head Office,Johor
4602503000015938015,2025-06-30,TO-00014,new order,Draft,,2P 63A 800VDC,PV,4602503000006548054,2.00,0.000000,FPV-63-800,pcs,Head Office,Johor
4602503000015938015,2025-06-30,TO-00014,new order,Draft,,2P 63A MCB,,4602503000000549884,2.00,0.000000,FE7-63-2P,pcs,Head Office,Johor
4602503000015938015,2025-06-30,TO-00014,new order,Draft,,3 Phase meter,PV,4602503000000383223,8.00,0.000000,DTM024,pcs,Head Office,Johor
4602503000015938015,2025-06-30,TO-00014,new order,Draft,,4P 20~40KA 420 VAC SPD,PV,4602503000000383212,8.00,0.000000,FSP-A40,pcs,Head Office,Johor
4602503000015938015,2025-06-30,TO-00014,new order,Draft,,2P 800 VDC 20~40KA SPD,PV,4602503000000383179,2.00,0.000000,FSP-D40,pcs,Head Office,Johor
4602503000015938015,2025-06-30,TO-00014,new order,Draft,,4P 125A MCB,,4602503000015391161,8.00,48.000000,FE-125,pcs,Head Office,Johor
4602503000015938015,2025-06-30,TO-00014,new order,Draft,,1 Phase meter,PV,4602503000000383234,2.00,0.000000,DDM15SD,pcs,Head Office,Johor
4602503000015938015,2025-06-30,TO-00014,new order,Draft,,KLIP-LOK 700 Roof Hook  (L-Type),,4602503000004179105,200.00,6.000000,KL-01,pcs,Head Office,Johor
4602503000015938015,2025-06-30,TO-00014,new order,Draft,,Growatt 12kW 3P 2MPPT S.Inverter,10 Years Product Warranty,4602503000010628031,1.00,3575.000000,MOD12KTL3-X2,Each,Head Office,Johor
4602503000015938015,2025-06-30,TO-00014,new order,Draft,,Growatt 8kW 3P 2MPPT S.Inverter,10 Years Product Warranty,4602503000010628001,1.00,3370.000000,MOD8KTL3-X2,Each,Head Office,Johor
4602503000015938015,2025-06-30,TO-00014,new order,Draft,,Growatt 5kW 1P 2MPPT S.Inverter,10 Years Product Warranty,4602503000010599097,1.00,1970.000000,MIN5000TL-X2,Each,Head Office,Johor
4602503000015938015,2025-06-30,TO-00014,new order,Draft,,Growatt 10kW 3P 2MPPT S.Inverter,10 Years Product Warranty,4602503000010628016,1.00,3525.000000,MOD10KTL3-X2,Each,Head Office,Johor
4602503000015938015,2025-06-30,TO-00014,new order,Draft,,SOLIS 12KW 3-PHASE DUAL MPPT STRING INVERTER,"10 years product warranty (Serial No. 1805070253190089)
FOR REPLACEMENT
",4602503000000203083,1.00,5120.000000,S5-GR3P12K,pcs,Head Office,Johor
4602503000016217888,2025-07-07,TO-00015,Replenish the missed item stock from TO-00014 and TO-00013,Draft,,AC wire 6mmx100m BLACK,,4602503000000451508,14.00,210.000000,AC-WIRE-06-B,pcs,Head Office,Johor
4602503000016217888,2025-07-07,TO-00015,Replenish the missed item stock from TO-00014 and TO-00013,Draft,,"AC WIRE, 6mmx100m, GREEN",,4602503000006076005,12.00,0.000000,AC-WIRE-6-G,pcs,Head Office,Johor
4602503000016217888,2025-07-07,TO-00015,Replenish the missed item stock from TO-00014 and TO-00013,Draft,,Growatt 10kW 3P 2MPPT S.Inverter,10 Years Product Warranty,4602503000010628016,1.00,3525.000000,MOD10KTL3-X2,Each,Head Office,Johor
4602503000016217888,2025-07-07,TO-00015,Replenish the missed item stock from TO-00014 and TO-00013,Draft,,Growatt 12kW 3P 2MPPT S.Inverter,10 Years Product Warranty,4602503000010628031,1.00,3575.000000,MOD12KTL3-X2,Each,Head Office,Johor
4602503000017682100,2025-08-27,TO-00017,Deliver to Johor Branch,Transferred,2025-09-04,SOLIS 5KW SINGLE-PHASE DUAL MPPT STRING INVERTER,10 years product warranty,4602503000000203039,1.00,2700.000000,S6-GR1P5K,pcs,Head Office,Johor
4602503000017804649,2025-09-10,TO-00018,"Delivery Materials to Johor Branch
",Transferred,2025-09-10,Solarspace 620W N-Topcon Bi Facial PV Module,"15 YEARS PRODUCT WARRANTY, 30 YEARS LINEAR POWER WARRANTY",4602503000008753998,120.00,0.000000,SSA-66HD-620N,pcs,Head Office,Johor
4602503000017804649,2025-09-10,TO-00018,"Delivery Materials to Johor Branch
",Transferred,2025-09-10,"SUMMER SOLAR WATER HEATER TANK, 300L, GVAL","GVAL, SS304",4602503000004837171,12.00,1116.440000,COMP-005659,pcs,Head Office,Johor
4602503000017804649,2025-09-10,TO-00018,"Delivery Materials to Johor Branch
",Transferred,2025-09-10,"Summer Solar Collector, CX BlACk, ZnAl",,4602503000000447317,24.00,529.860000,COMP-008035,pcs,Head Office,Johor
4602503000017804649,2025-09-10,TO-00018,"Delivery Materials to Johor Branch
",Transferred,2025-09-10,"PART KIT, 300L, DIRECT, NO CARTON",,4602503000003534409,10.00,376.960000,COMP-005629,pcs,Head Office,Johor
4602503000018063121,2025-09-26,TO-00019,,Transferred,2025-09-26,"MP400 - OD610MM, OC[EG, 1.5MM], IT[SS304, 2.0MM] (VFM, 3H)",,4602503000017613203,2.00,3135.000000,COMP-008974,Each,Head Office,Johor
4602503000018505222,2025-10-15,TO-00020,,Transferred,2025-10-15,"SUMMER SOLAR WATER HEATER TANK, 300L, GVAL","GVAL, SS304",4602503000004837171,1.00,1116.440000,COMP-005659,pcs,Johor,Head Office
4602503000018505222,2025-10-15,TO-00020,,Transferred,2025-10-15,"Summer Solar Collector, CX BlACk, ZnAl",,4602503000000447317,2.00,529.860000,COMP-008035,pcs,Johor,Head Office
4602503000018505222,2025-10-15,TO-00020,,Transferred,2025-10-15,"PART KIT, 300L, DIRECT, CARTON",,4602503000000446217,1.00,376.960000,COMP-005628,Each,Johor,Head Office
4602503000018655716,2025-10-23,TO-00021,JB Kanban Stocks and Warranty Replacement tank and heaters,Transferred,2025-10-23,"SUMMER SOLAR WATER HEATER TANK, 300L, GVAL","GVAL, SS304
4 units Warranty Tank",4602503000004837171,14.00,1116.440000,COMP-005659,pcs,Head Office,Johor
4602503000018655716,2025-10-23,TO-00021,JB Kanban Stocks and Warranty Replacement tank and heaters,Transferred,2025-10-23,"Summer Solar Collector, CX BlACk, ZnAl",1 pc CX Panel under Warranty,4602503000000447317,23.00,529.860000,COMP-008035,pcs,Head Office,Johor
4602503000018655716,2025-10-23,TO-00021,JB Kanban Stocks and Warranty Replacement tank and heaters,Transferred,2025-10-23,"PART KIT, 300L, DIRECT, CARTON",,4602503000000446217,10.00,0.000000,COMP-005628,Each,Head Office,Johor
4602503000018655716,2025-10-23,TO-00021,JB Kanban Stocks and Warranty Replacement tank and heaters,Transferred,2025-10-23,SUMMER 450L SOLAR WATER HEATER TANK,"GVAL, SS304 
Warranty Tank",4602503000004108014,1.00,1561.820000,COMP-005672,pcs,Head Office,Johor
4602503000018655716,2025-10-23,TO-00021,JB Kanban Stocks and Warranty Replacement tank and heaters,Transferred,2025-10-23,"SUMMER SOLAR WATER HEATER TANK, 400L",,4602503000009639033,1.00,0.000000,COMP-005668,Each,Head Office,Johor
4602503000018655716,2025-10-23,TO-00021,JB Kanban Stocks and Warranty Replacement tank and heaters,Transferred,2025-10-23,"PART KIT, 400L, DIRECT, CARTON",,4602503000000449341,1.00,0.000000,COMP-005630,Each,Head Office,Johor
4602503000018655716,2025-10-23,TO-00021,JB Kanban Stocks and Warranty Replacement tank and heaters,Transferred,2025-10-23,MP200-OD610/OC0.45/IT1.2/HWM/1H/NC/3kW/MERU Basic,,4602503000018306025,1.00,0.000000,COMP-008981,Unit,Head Office,Johor
4602503000018655716,2025-10-23,TO-00021,JB Kanban Stocks and Warranty Replacement tank and heaters,Transferred,2025-10-23,"MP68-HFM,9kW,MERU,Basic",,4602503000018306387,1.00,0.000000,COMP-006666,Unit,Head Office,Johor
4602503000018704358,2025-10-23,TO-00022,To issue Pkg,Transferred,2025-10-23,"SUMMER SOLAR WATER HEATER TANK, 300L, GVAL","GVAL, SS304",4602503000004837171,2.00,1116.440000,COMP-005659,pcs,Johor,Head Office
4602503000018704358,2025-10-23,TO-00022,To issue Pkg,Transferred,2025-10-23,"Summer Solar Collector, CX BlACk, ZnAl",,4602503000000447317,4.00,529.860000,COMP-008035,pcs,Johor,Head Office
4602503000018866009,2025-10-29,TO-00023,,Transferred,2025-11-14,AC wire 6mmx100m BLACK,,4602503000000451508,2.00,210.000000,AC-WIRE-06-B,pcs,Head Office,Johor
4602503000018866009,2025-10-29,TO-00023,,Transferred,2025-11-14,"AC WIRE, 6mmx100m, GREEN",,4602503000006076005,2.00,0.000000,AC-WIRE-6-G,pcs,Head Office,Johor
4602503000018866009,2025-10-29,TO-00023,,Transferred,2025-11-14,Wire Tape 5 Mil x 18mm x 5M (Black),,4602503000002163832,20.00,0.500000,T-466,pcs,Head Office,Johor
4602503000018866009,2025-10-29,TO-00023,,Transferred,2025-11-14,Wire Tape 5 Mil x 18mm x 5M (Blue),,4602503000002163841,10.00,0.500000,T-467,pcs,Head Office,Johor
4602503000018866009,2025-10-29,TO-00023,,Transferred,2025-11-14,Wire Tape 5 Mil x 18mm x 5M (Red),,4602503000002163850,10.00,0.500000,T-468,pcs,Head Office,Johor
4602503000018866009,2025-10-29,TO-00023,,Transferred,2025-11-14,Wire Tape 5 Mil x 18mm x 5M (Yellow),,4602503000002163859,10.00,0.500000,T-469,pcs,Head Office,Johor
4602503000018866009,2025-10-29,TO-00023,,Transferred,2025-11-14,Growatt 4.2kW 1P 2MPPT S.Inverter,"10 Years Product Warranty
Wifi Serial No. XGD6F4S0CK
For BC 2343 (Mr. Poh Giok Eng)",4602503000010599082,1.00,5060.000000,MIN4200TL-X2,Each,Head Office,Johor
4602503000019239045,2025-11-14,TO-00024,"H-ACC-0269,cust minta jalan dulu wiring ac sebab rumah under renovation ",Transferred,2025-11-14,AC wire 6mmx100m BLACK,,4602503000000451508,2.00,210.000000,AC-WIRE-06-B,pcs,Head Office,Johor
4602503000019239045,2025-11-14,TO-00024,"H-ACC-0269,cust minta jalan dulu wiring ac sebab rumah under renovation ",Transferred,2025-11-14,"AC WIRE, 6mmx100m, GREEN",,4602503000006076005,2.00,0.000000,AC-WIRE-6-G,pcs,Head Office,Johor
4602503000019577411,2025-10-01,TO-00025,,Transferred,2025-10-01,"SUMMER SOLAR WATER HEATER TANK, 300L, GVAL","GVAL, SS304",4602503000004837171,3.00,1116.440000,COMP-005659,pcs,Johor,Head Office
4602503000019577411,2025-10-01,TO-00025,,Transferred,2025-10-01,"Summer Solar Collector, CX BlACk, ZnAl",,4602503000000447317,4.00,529.860000,COMP-008035,pcs,Johor,Head Office
4602503000020235632,2025-12-19,TO-00027,Kanban Stocks for Summer Solar System and Kinetico Water Filter System,Transferred,2025-12-19,"SUMMER SOLAR WATER HEATER TANK, 300L, GVAL","GVAL, SS304",4602503000004837171,11.00,1116.440000,COMP-005659,pcs,Head Office,Johor
4602503000020235632,2025-12-19,TO-00027,Kanban Stocks for Summer Solar System and Kinetico Water Filter System,Transferred,2025-12-19,"Summer Solar Collector, CX BlACK, ZnAl",,4602503000000447317,24.00,529.860000,COMP-008035,pcs,Head Office,Johor
4602503000020235632,2025-12-19,TO-00027,Kanban Stocks for Summer Solar System and Kinetico Water Filter System,Transferred,2025-12-19,"PART KIT, 300L, DIRECT, CARTON",,4602503000000446217,10.00,0.000000,COMP-005628,Each,Head Office,Johor
4602503000020235632,2025-12-19,TO-00027,Kanban Stocks for Summer Solar System and Kinetico Water Filter System,Transferred,2025-12-19,SUMMER 450L SOLAR WATER HEATER TANK,"GVAL, SS304",4602503000004108014,1.00,1561.820000,COMP-005672,pcs,Head Office,Johor
4602503000020235632,2025-12-19,TO-00027,Kanban Stocks for Summer Solar System and Kinetico Water Filter System,Transferred,2025-12-19,"SUMMER SOLAR WATER HEATER TANK, DIRECT 180L, GVAL","GVAL, SS304",4602503000004549120,2.00,0.000000,COMP-005645,Unit,Head Office,Johor
4602503000020235632,2025-12-19,TO-00027,Kanban Stocks for Summer Solar System and Kinetico Water Filter System,Transferred,2025-12-19,"PART KIT, 180L, DIRECT, CARTON",,4602503000000449330,1.00,349.080000,COMP-005624,Each,Head Office,Johor
4602503000020235632,2025-12-19,TO-00027,Kanban Stocks for Summer Solar System and Kinetico Water Filter System,Transferred,2025-12-19,"Kinetico Premier Series MACh 2030F OD, MACrolite",,4602503000000097478,1.00,2693.360000,12662,Each,Head Office,Johor
4602503000020235632,2025-12-19,TO-00027,Kanban Stocks for Summer Solar System and Kinetico Water Filter System,Transferred,2025-12-19,"Kinetico Premier Series MACh 2060F OD, MACrolite",,4602503000000445469,1.00,3218.400000,11211,Each,Head Office,Johor
4602503000020235632,2025-12-19,TO-00027,Kanban Stocks for Summer Solar System and Kinetico Water Filter System,Transferred,2025-12-19,KINETICO CARTRIDGE MAC VOC / LEAD (9418A),,4602503000000448450,2.00,209.430000,9308A,Each,Head Office,Johor
4602503000020235632,2025-12-19,TO-00027,Kanban Stocks for Summer Solar System and Kinetico Water Filter System,Transferred,2025-12-19,KINETICO BYPASS VALVE,,4602503000000449486,2.00,0.000000,T-0271,Each,Head Office,Johor
4602503000020384181,2025-12-27,TO-00028,Kanban Stock for PV System,Transferred,2026-01-05,HOYMILES HYBRID INVERTER 12KW 3-PHASE 4 MPPT,10 Years Warranty,4602503000016163143,3.00,0.000000,HIT-12L-G3,unit,Head Office,Johor
4602503000020384181,2025-12-27,TO-00028,Kanban Stock for PV System,Transferred,2026-01-05,HOYMILES HYBRID INVERTER 8KW 1 PHASE,10 Years Warranty,4602503000019750830,1.00,0.000000,HYS-8.0LV-EUG2,Unit,Head Office,Johor
4602503000020384181,2025-12-27,TO-00028,Kanban Stock for PV System,Transferred,2026-01-05,Rail SLR-R02-Light 2600mm,,4602503000010885279,120.00,0.000000,SLR-2600mm,pcs,Head Office,Johor
4602503000020384181,2025-12-27,TO-00028,Kanban Stock for PV System,Transferred,2026-01-05,Rail Splice,,4602503000004890174,60.00,3.900000,SLR-RS-01-L-D,Each,Head Office,Johor
4602503000020384181,2025-12-27,TO-00028,Kanban Stock for PV System,Transferred,2026-01-05,END CLAMP 30MM SLR-EC-30-D ( AL6005-T5 / SUS 304 ),,4602503000004890232,130.00,1.600000,SLR-EC-30-D,pcs,Head Office,Johor
4602503000020384181,2025-12-27,TO-00028,Kanban Stock for PV System,Transferred,2026-01-05,MID CLAMP 30MM SLR-MC-30-D ( AL6005-T5 / SUS 304 ),,4602503000004890203,160.00,1.800000,SLR-MC-30-D,pcs,Head Office,Johor
4602503000020384181,2025-12-27,TO-00028,Kanban Stock for PV System,Transferred,2026-01-05,TILE HOOK #01-SLR-CTH-01 ( AL6005-5 / SUS 304 ) - POTRAIT,,4602503000004890317,200.00,12.900000,SLR-CTH-01,pcs,Head Office,Johor
4602503000020384181,2025-12-27,TO-00028,Kanban Stock for PV System,Transferred,2026-01-05,APSYSTEMS MICRO INVERTER QT2 2 kW 3P4P,25 years product warranty,4602503000012297032,1.00,1100.000000,QT2,pcs,Head Office,Johor
4602503000020384181,2025-12-27,TO-00028,Kanban Stock for PV System,Transferred,2026-01-05,"AP system Bus Cable 3phase 5c (4mm2, H07,2.4m)",,4602503000003410047,5.00,65.550000,SKU-APCUT-02,pcs,Head Office,Johor
4602503000020384181,2025-12-27,TO-00028,Kanban Stock for PV System,Transferred,2026-01-05,AP SYSTEM BUS CABLE 5C END CAP (TWO SEALS),,4602503000003410060,2.00,17.600000,SKU-APBC-03,pcs,Head Office,Johor
4602503000020384181,2025-12-27,TO-00028,Kanban Stock for PV System,Transferred,2026-01-05,"APsystems AC Connector (5C 40A, female)",,4602503000006823089,2.00,0.000000,AP-AC-5C40AF,pcs,Head Office,Johor
4602503000020384181,2025-12-27,TO-00028,Kanban Stock for PV System,Transferred,2026-01-05,"APsystems AC Connector (5C,40A,male)",,4602503000003410106,2.00,17.600000,SKU-APAC-01,pcs,Head Office,Johor
4602503000020384181,2025-12-27,TO-00028,Kanban Stock for PV System,Transferred,2026-01-05,APsystems Energy Communication Unit R,,4602503000002944107,1.00,506.000000,ECU-R,pcs,Head Office,Johor
4602503000020384181,2025-12-27,TO-00028,Kanban Stock for PV System,Transferred,2026-01-05,DC CABLE - Fireproof 1C x 4mm^2 (1000 meters / Drum) Black,1 drum,4602503000002163703,1000.00,24.000000,T-453,M,Head Office,Johor
4602503000020384181,2025-12-27,TO-00028,Kanban Stock for PV System,Transferred,2026-01-05,"AC WIRE, 6mmx100m, GREEN",,4602503000006076005,10.00,0.000000,AC-WIRE-6-G,pcs,Head Office,Johor
4602503000020384181,2025-12-27,TO-00028,Kanban Stock for PV System,Transferred,2026-01-05,AC wire 6mmx100m BLACK,,4602503000000451508,10.00,210.000000,AC-WIRE-06-B,pcs,Head Office,Johor
4602503000020384181,2025-12-27,TO-00028,Kanban Stock for PV System,Transferred,2026-01-05,HOYMILES SOLAR PV LV BATTERY 5KWH,10 Years Warranty,4602503000016138259,12.00,0.000000,LB-5D-G2,unit,Head Office,Johor
4602503000020384181,2025-12-27,TO-00028,Kanban Stock for PV System,Transferred,2026-01-05,HOYMILES HYBRID INVERTER 8KW 3-PHASE 3 MPPT,10 Years Warranty,4602503000016158074,1.00,0.000000,HIT-8L-G3,unit,Head Office,Johor
4602503000020384181,2025-12-27,TO-00028,Kanban Stock for PV System,Transferred,2026-01-05,APSYSTEMS MICRO INVERTER QT2D 3.6 kW 3P8P,25 years product warranty,4602503000012297051,2.00,0.000000,QT2D-H,pcs,Head Office,Johor
4602503000020384181,2025-12-27,TO-00028,Kanban Stock for PV System,Transferred,2026-01-05,HOYMILES HYBRID INVERTER 15KW 3-PHASE,10 Years Warranty,4602503000016927067,1.00,1408.000000,HIT-15L-G3,,Head Office,Johor
4602503000020384181,2025-12-27,TO-00028,Kanban Stock for PV System,Transferred,2026-01-05,Solarspace 620W N-Topcon Bi Facial PV Module,"15 YEARS PRODUCT WARRANTY, 30 YEARS LINEAR POWER WARRANTY",4602503000008753998,108.00,0.000000,SSA-66HD-620N,pcs,Head Office,Johor
4602503000021409395,2026-01-02,TO-00029,STOCK REPLENISHMENT - FOR SOLAR PV INSTALLATION,Transferred,2026-01-02,HOYMILES SOLAR PV LV BATTERY 16KWH,10 Years Warranty,4602503000016356134,9.00,1235.000000,LB-16D-G2,unit,Head Office,Johor
4602503000021871890,2026-01-17,TO-00030,Stock to JB Office,Transferred,2026-01-17,"SUMMER SOLAR WATER HEATER TANK, 300L, GVAL","GVAL, SS304",4602503000004837171,1.00,1116.440000,COMP-005659,pcs,Head Office,Johor
4602503000021871890,2026-01-17,TO-00030,Stock to JB Office,Transferred,2026-01-17,"SUMMER SOLAR WATER HEATER TANK, DIRECT 180L, GVAL","GVAL, SS304",4602503000004549120,1.00,0.000000,COMP-005645,Unit,Head Office,Johor
4602503000021871890,2026-01-17,TO-00030,Stock to JB Office,Transferred,2026-01-17,"Summer Solar Collector, CX BlACK, ZnAl",,4602503000000447317,3.00,529.860000,COMP-008035,pcs,Head Office,Johor
4602503000021871890,2026-01-17,TO-00030,Stock to JB Office,Transferred,2026-01-17,"PART KIT, 300L, DIRECT, CARTON",,4602503000000446217,1.00,0.000000,COMP-005628,Each,Head Office,Johor
4602503000021871890,2026-01-17,TO-00030,Stock to JB Office,Transferred,2026-01-17,"PART KIT, 180L, DIRECT, CARTON",,4602503000000449330,1.00,349.080000,COMP-005624,Each,Head Office,Johor
4602503000021871890,2026-01-17,TO-00030,Stock to JB Office,Transferred,2026-01-17,BRACKET - PV BATTERY L500MM X W240MM X H300MM WALL,,4602503000020391748,6.00,0.000000,LTFG-000602,Unit,Head Office,Johor
4602503000021992241,2026-01-22,TO-00031,Kanban & Replacement Stocks for Summer Solar System and Spare Parts,Transferred,2026-01-22,"SUMMER SOLAR WATER HEATER TANK, 300L, GVAL","GVAL, SS304",4602503000004837171,13.00,1116.440000,COMP-005659,pcs,Head Office,Johor
4602503000021992241,2026-01-22,TO-00031,Kanban & Replacement Stocks for Summer Solar System and Spare Parts,Transferred,2026-01-22,"Summer Solar Collector, CX BlACK, ZnAl",,4602503000000447317,14.00,529.860000,COMP-008035,pcs,Head Office,Johor
4602503000021992241,2026-01-22,TO-00031,Kanban & Replacement Stocks for Summer Solar System and Spare Parts,Transferred,2026-01-22,"PART KIT, 300L, DIRECT, CARTON",,4602503000000446217,6.00,0.000000,COMP-005628,Each,Head Office,Johor
4602503000021992241,2026-01-22,TO-00031,Kanban & Replacement Stocks for Summer Solar System and Spare Parts,Transferred,2026-01-22,"SUMMER SOLAR WATER HEATER TANK, DIRECT 180L, GVAL","GVAL, SS304",4602503000004549120,1.00,0.000000,COMP-005645,Unit,Head Office,Johor
4602503000021992241,2026-01-22,TO-00031,Kanban & Replacement Stocks for Summer Solar System and Spare Parts,Transferred,2026-01-22,"PART KIT, 180L, DIRECT, CARTON",,4602503000000449330,1.00,349.080000,COMP-005624,Each,Head Office,Johor
4602503000021992241,2026-01-22,TO-00031,Kanban & Replacement Stocks for Summer Solar System and Spare Parts,Transferred,2026-01-22,"Heating Element Incoloy 800, Red Sealant, 3kW/240V, L315mm, Straight",c/w gasket,4602503000000741075,10.00,23.830000,PART-000010,Each,Head Office,Johor
4602503000021992241,2026-01-22,TO-00031,Kanban & Replacement Stocks for Summer Solar System and Spare Parts,Transferred,2026-01-22,"Pressure TeMPerature Valve 700KPA, 1/2""",,4602503000000097665,5.00,0.000000,PART-000050,Each,Head Office,Johor
4602503000021992241,2026-01-22,TO-00031,Kanban & Replacement Stocks for Summer Solar System and Spare Parts,Transferred,2026-01-22,"THEOSTAT ECO, 240VAC, 50HZ, 30A, 60C70C, 95C",,4602503000000620778,5.00,32.990000,RAWM-000016,Each,Head Office,Johor
